nombre,apellido,cargo,provincia,bloque,partido,mandato,mandato_inicio,mandato_fin,foto_url,wikidata_id,fuente_url,fuente_nombre
Hilda,Aguirre,diputado,La Rioja,UNIÓN POR LA PATRIA,UNIÓN POR LA PATRIA,2023-2027,2023-12-10,2027-12-09,https://parlamentaria.hcdn.gob.ar/image/27139186244_20231130154914000_medium.png,,https://www.hcdn.gob.ar/diputados/,H. Camara de Diputados de la Nacion (nomina oficial en vivo)
Guillermo César,Agüero,diputado,Chaco,UCR - UNIÓN CÍVICA RADICAL,UCR - UNIÓN CÍVICA RADICAL,2025-2029,2025-12-10,2029-12-09,https://parlamentaria.hcdn.gob.ar/image/20219307757_20251127110110000_medium.png,,https://www.hcdn.gob.ar/diputados/,H. Camara de Diputados de la Nacion (nomina oficial en vivo)
Sabrina,Ajmechet,diputado,Ciudad de Buenos Aires,LA LIBERTAD AVANZA,LA LIBERTAD AVANZA,2025-2029,2025-12-10,2029-12-09,https://parlamentaria.hcdn.gob.ar/image/27290423894_20251205090952000_medium.png,,https://www.hcdn.gob.ar/diputados/,H. Camara de Diputados de la Nacion (nomina oficial en vivo)
"Ernesto ""Pipi""",Alí,diputado,San Luis,UNIÓN POR LA PATRIA,UNIÓN POR LA PATRIA,2023-2027,2024-01-31,2027-12-09,https://parlamentaria.hcdn.gob.ar/image/20223799281_20240129144903000_medium.png,,https://www.hcdn.gob.ar/diputados/,H. Camara de Diputados de la Nacion (nomina oficial en vivo)
Carlos Alberto,Almena,diputado,San Luis,LA LIBERTAD AVANZA,LA LIBERTAD AVANZA,2025-2029,2025-12-10,2029-12-09,https://parlamentaria.hcdn.gob.ar/image/20200592167_20251204134624000_medium.png,,https://www.hcdn.gob.ar/diputados/,H. Camara de Diputados de la Nacion (nomina oficial en vivo)
Lisandro,Almirón,diputado,Corrientes,LA LIBERTAD AVANZA,LA LIBERTAD AVANZA,2023-2027,2023-12-10,2027-12-09,https://parlamentaria.hcdn.gob.ar/image/23233977519_20231128110506000_medium.png,,https://www.hcdn.gob.ar/diputados/,H. Camara de Diputados de la Nacion (nomina oficial en vivo)
Claudio,Álvarez,diputado,San Luis,INNOVACIÓN FEDERAL,INNOVACIÓN FEDERAL,2023-2027,2025-12-10,2027-12-09,https://parlamentaria.hcdn.gob.ar/image/20254305759_20251127110943000_medium.png,,https://www.hcdn.gob.ar/diputados/,H. Camara de Diputados de la Nacion (nomina oficial en vivo)
Cristian,Andino,diputado,San Juan,UNIÓN POR LA PATRIA,UNIÓN POR LA PATRIA,2025-2029,2025-12-10,2029-12-09,https://parlamentaria.hcdn.gob.ar/image/20233803252_20251202134006000_medium.png,,https://www.hcdn.gob.ar/diputados/,H. Camara de Diputados de la Nacion (nomina oficial en vivo)
Javier,Andrade,diputado,Ciudad de Buenos Aires,UNIÓN POR LA PATRIA,UNIÓN POR LA PATRIA,2023-2027,2025-12-10,2027-12-09,https://parlamentaria.hcdn.gob.ar/image/20205726838_20251202084506000_medium.png,,https://www.hcdn.gob.ar/diputados/,H. Camara de Diputados de la Nacion (nomina oficial en vivo)
Barbara,Andreussi,diputado,Jujuy,LA LIBERTAD AVANZA,LA LIBERTAD AVANZA,2025-2029,2025-12-10,2029-12-09,https://parlamentaria.hcdn.gob.ar/image/27178894590_20251125093245000_medium.png,,https://www.hcdn.gob.ar/diputados/,H. Camara de Diputados de la Nacion (nomina oficial en vivo)
Pablo,Ansaloni,diputado,Buenos Aires,LA LIBERTAD AVANZA,LA LIBERTAD AVANZA,2023-2027,2023-12-10,2027-12-09,https://parlamentaria.hcdn.gob.ar/image/20220776795_20231218133633000_medium.png,,https://www.hcdn.gob.ar/diputados/,H. Camara de Diputados de la Nacion (nomina oficial en vivo)
Damián,Arabia,diputado,Ciudad de Buenos Aires,LA LIBERTAD AVANZA,LA LIBERTAD AVANZA,2023-2027,2023-12-10,2027-12-09,https://parlamentaria.hcdn.gob.ar/image/20357318158_20231128095338000_medium.png,,https://www.hcdn.gob.ar/diputados/,H. Camara de Diputados de la Nacion (nomina oficial en vivo)
Jorge Neri,Araujo Hernández,diputado,Tierra del Fuego,UNIÓN POR LA PATRIA,UNIÓN POR LA PATRIA,2023-2027,2023-12-10,2027-12-09,https://parlamentaria.hcdn.gob.ar/image/20229561481_20231128110329000_medium.png,,https://www.hcdn.gob.ar/diputados/,H. Camara de Diputados de la Nacion (nomina oficial en vivo)
Martín,Ardohain,diputado,La Pampa,PRO,PRO,2023-2027,2023-12-10,2027-12-09,https://parlamentaria.hcdn.gob.ar/image/23202055869_20231218135501000_medium.png,,https://www.hcdn.gob.ar/diputados/,H. Camara de Diputados de la Nacion (nomina oficial en vivo)
Lourdes Micaela,Arrieta,diputado,Mendoza,PROVINCIAS UNIDAS,PROVINCIAS UNIDAS,2023-2027,2023-12-10,2027-12-09,https://parlamentaria.hcdn.gob.ar/image/27372984177_20240522103948000_medium.png,,https://www.hcdn.gob.ar/diputados/,H. Camara de Diputados de la Nacion (nomina oficial en vivo)
Alberto,Arrúa,diputado,Misiones,INNOVACIÓN FEDERAL,INNOVACIÓN FEDERAL,2023-2027,2023-12-10,2027-12-09,https://parlamentaria.hcdn.gob.ar/image/20245738723_20231128100717000_medium.png,,https://www.hcdn.gob.ar/diputados/,H. Camara de Diputados de la Nacion (nomina oficial en vivo)
Martín,Aveiro,diputado,Mendoza,UNIÓN POR LA PATRIA,UNIÓN POR LA PATRIA,2023-2027,2023-12-10,2027-12-09,https://parlamentaria.hcdn.gob.ar/image/20241811612_20231218133854000_medium.png,,https://www.hcdn.gob.ar/diputados/,H. Camara de Diputados de la Nacion (nomina oficial en vivo)
Belén,Avico,diputado,Cordoba,LA LIBERTAD AVANZA,LA LIBERTAD AVANZA,2023-2027,2023-12-10,2027-12-09,https://parlamentaria.hcdn.gob.ar/image/27275988877_20231218134025000_medium.png,,https://www.hcdn.gob.ar/diputados/,H. Camara de Diputados de la Nacion (nomina oficial en vivo)
Jorge Antonio,Avila,diputado,Chubut,PROVINCIAS UNIDAS,PROVINCIAS UNIDAS,2023-2027,2023-12-10,2027-12-09,https://parlamentaria.hcdn.gob.ar/image/20174462144_20231205093948000_medium.png,,https://www.hcdn.gob.ar/diputados/,H. Camara de Diputados de la Nacion (nomina oficial en vivo)
Fernanda,Avila,diputado,Catamarca,ELIJO CATAMARCA,ELIJO CATAMARCA,2023-2027,2023-12-10,2027-12-09,https://parlamentaria.hcdn.gob.ar/image/27324151031_20231128100116000_medium.png,,https://www.hcdn.gob.ar/diputados/,H. Camara de Diputados de la Nacion (nomina oficial en vivo)
Karina,Banfi,diputado,Buenos Aires,ADELANTE BUENOS AIRES,ADELANTE BUENOS AIRES,2023-2027,2023-12-10,2027-12-09,https://parlamentaria.hcdn.gob.ar/image/27225074467_20231215100135000_medium.png,,https://www.hcdn.gob.ar/diputados/,H. Camara de Diputados de la Nacion (nomina oficial en vivo)
Marcelo,Barbur,diputado,Santiago del Estero,UNIÓN POR LA PATRIA,UNIÓN POR LA PATRIA,2025-2029,2025-12-10,2029-12-09,https://parlamentaria.hcdn.gob.ar/image/20184725976_20251127111243000_medium.png,,https://www.hcdn.gob.ar/diputados/,H. Camara de Diputados de la Nacion (nomina oficial en vivo)
Luis Eugenio,Basterra,diputado,Formosa,UNIÓN POR LA PATRIA,UNIÓN POR LA PATRIA,2023-2027,2023-12-10,2027-12-09,https://parlamentaria.hcdn.gob.ar/image/23124773849_20231218134240000_medium.png,,https://www.hcdn.gob.ar/diputados/,H. Camara de Diputados de la Nacion (nomina oficial en vivo)
Atilio,Basualdo,diputado,Formosa,LA LIBERTAD AVANZA,LA LIBERTAD AVANZA,2025-2029,2025-12-17,2029-12-09,https://parlamentaria.hcdn.gob.ar/image/20147385375_20251216131254000_medium.png,,https://www.hcdn.gob.ar/diputados/,H. Camara de Diputados de la Nacion (nomina oficial en vivo)
Carolina,Basualdo,diputado,Cordoba,PROVINCIAS UNIDAS,PROVINCIAS UNIDAS,2025-2029,2025-12-10,2029-12-09,https://parlamentaria.hcdn.gob.ar/image/27264849638_20251203092410000_medium.png,,https://www.hcdn.gob.ar/diputados/,H. Camara de Diputados de la Nacion (nomina oficial en vivo)
Mónica,Becerra,diputado,San Luis,LA LIBERTAD AVANZA,LA LIBERTAD AVANZA,2025-2029,2025-12-10,2029-12-09,https://parlamentaria.hcdn.gob.ar/image/27239991810_20251127111527000_medium.png,,https://www.hcdn.gob.ar/diputados/,H. Camara de Diputados de la Nacion (nomina oficial en vivo)
Beltrán,Benedit,diputado,Entre Rios,LA LIBERTAD AVANZA,LA LIBERTAD AVANZA,2023-2027,2023-12-10,2027-12-09,https://parlamentaria.hcdn.gob.ar/image/20131823666_20231207102136000_medium.png,,https://www.hcdn.gob.ar/diputados/,H. Camara de Diputados de la Nacion (nomina oficial en vivo)
Bertie,Benegas Lynch,diputado,Buenos Aires,LA LIBERTAD AVANZA,LA LIBERTAD AVANZA,2023-2027,2023-12-10,2027-12-09,https://parlamentaria.hcdn.gob.ar/image/20186213476_20231218134617000_medium.png,,https://www.hcdn.gob.ar/diputados/,H. Camara de Diputados de la Nacion (nomina oficial en vivo)
Emmanuel,Bianchetti,diputado,Misiones,PRO,PRO,2023-2027,2023-12-10,2027-12-09,https://parlamentaria.hcdn.gob.ar/image/20290353123_20241015130737000_medium.png,,https://www.hcdn.gob.ar/diputados/,H. Camara de Diputados de la Nacion (nomina oficial en vivo)
Bernardo,Biella,diputado,Salta,INNOVACIÓN FEDERAL,INNOVACIÓN FEDERAL,2025-2029,2025-12-10,2029-12-09,https://parlamentaria.hcdn.gob.ar/image/20162915119_20251204135134000_medium.png,,https://www.hcdn.gob.ar/diputados/,H. Camara de Diputados de la Nacion (nomina oficial en vivo)
Rocío,Bonacci,diputado,Santa Fe,LA LIBERTAD AVANZA,LA LIBERTAD AVANZA,2023-2027,2023-12-10,2027-12-09,https://parlamentaria.hcdn.gob.ar/image/27396592881_20231128103306000_medium.png,,https://www.hcdn.gob.ar/diputados/,H. Camara de Diputados de la Nacion (nomina oficial en vivo)
Alejandro,Bongiovanni,diputado,Santa Fe,LA LIBERTAD AVANZA,LA LIBERTAD AVANZA,2023-2027,2023-12-10,2027-12-09,https://parlamentaria.hcdn.gob.ar/image/20301123990_20231128103659000_medium.png,,https://www.hcdn.gob.ar/diputados/,H. Camara de Diputados de la Nacion (nomina oficial en vivo)
Gustavo,Bordet,diputado,Entre Rios,UNIÓN POR LA PATRIA,UNIÓN POR LA PATRIA,2023-2027,2023-12-10,2027-12-09,https://parlamentaria.hcdn.gob.ar/image/20149980548_20231128110939000_medium.png,,https://www.hcdn.gob.ar/diputados/,H. Camara de Diputados de la Nacion (nomina oficial en vivo)
Alejandrina,Borgatta,diputado,Santa Fe,UNIÓN POR LA PATRIA,UNIÓN POR LA PATRIA,2025-2029,2025-12-10,2029-12-09,https://parlamentaria.hcdn.gob.ar/image/27307017496_20251201094658000_medium.png,,https://www.hcdn.gob.ar/diputados/,H. Camara de Diputados de la Nacion (nomina oficial en vivo)
Gabriel,Bornoroni,diputado,Cordoba,LA LIBERTAD AVANZA,LA LIBERTAD AVANZA,2023-2027,2023-12-10,2027-12-09,https://parlamentaria.hcdn.gob.ar/image/20266723181_20231129150958000_medium.png,,https://www.hcdn.gob.ar/diputados/,H. Camara de Diputados de la Nacion (nomina oficial en vivo)
Myriam,Bregman,diputado,Ciudad de Buenos Aires,PTS-FRENTE DE IZQUIERDA Y DE TRABAJADORES UNIDAD,PTS-FRENTE DE IZQUIERDA Y DE TRABAJADORES UNIDAD,2025-2029,2025-12-10,2029-12-09,https://parlamentaria.hcdn.gob.ar/image/27226005531_20251127152919000_medium.png,,https://www.hcdn.gob.ar/diputados/,H. Camara de Diputados de la Nacion (nomina oficial en vivo)
Adrián,Brizuela,diputado,Catamarca,LA LIBERTAD AVANZA,LA LIBERTAD AVANZA,2025-2029,2025-12-10,2029-12-09,https://parlamentaria.hcdn.gob.ar/image/20229354036_20251127111925000_medium.png,,https://www.hcdn.gob.ar/diputados/,H. Camara de Diputados de la Nacion (nomina oficial en vivo)
Eliana,Bruno,diputado,Salta,LA LIBERTAD AVANZA,LA LIBERTAD AVANZA,2023-2027,2025-12-10,2027-12-09,https://parlamentaria.hcdn.gob.ar/image/27337541599_20251204135612000_medium.png,,https://www.hcdn.gob.ar/diputados/,H. Camara de Diputados de la Nacion (nomina oficial en vivo)
Juan Fernando,Brügge,diputado,Cordoba,PROVINCIAS UNIDAS,PROVINCIAS UNIDAS,2023-2027,2023-12-10,2027-12-09,https://parlamentaria.hcdn.gob.ar/image/20161572749_20231128095743000_medium.png,,https://www.hcdn.gob.ar/diputados/,H. Camara de Diputados de la Nacion (nomina oficial en vivo)
Santiago,Cafiero,diputado,Buenos Aires,UNIÓN POR LA PATRIA,UNIÓN POR LA PATRIA,2023-2027,2023-12-10,2027-12-09,https://parlamentaria.hcdn.gob.ar/image/20273754041_20231218134818000_medium.png,,https://www.hcdn.gob.ar/diputados/,H. Camara de Diputados de la Nacion (nomina oficial en vivo)
Mariano,Campero,diputado,Tucuman,LA LIBERTAD AVANZA,LA LIBERTAD AVANZA,2023-2027,2023-12-10,2027-12-09,https://parlamentaria.hcdn.gob.ar/image/20301177314_20231128100341000_medium.png,,https://www.hcdn.gob.ar/diputados/,H. Camara de Diputados de la Nacion (nomina oficial en vivo)
Celia,Campitelli,diputado,Santiago del Estero,UNIÓN POR LA PATRIA,UNIÓN POR LA PATRIA,2023-2027,2023-12-10,2027-12-09,https://parlamentaria.hcdn.gob.ar/image/27051354805_20231130154636000_medium.png,,https://www.hcdn.gob.ar/diputados/,H. Camara de Diputados de la Nacion (nomina oficial en vivo)
Julieta Marisol,Campo,diputado,Chaco,UNIÓN POR LA PATRIA,UNIÓN POR LA PATRIA,2025-2029,2025-12-10,2029-12-09,https://parlamentaria.hcdn.gob.ar/image/27360187867_20251127084629000_medium.png,,https://www.hcdn.gob.ar/diputados/,H. Camara de Diputados de la Nacion (nomina oficial en vivo)
Lucía,Cámpora,diputado,Ciudad de Buenos Aires,UNIÓN POR LA PATRIA,UNIÓN POR LA PATRIA,2025-2029,2025-12-10,2029-12-09,https://parlamentaria.hcdn.gob.ar/image/27357276328_20251127112232000_medium.png,,https://www.hcdn.gob.ar/diputados/,H. Camara de Diputados de la Nacion (nomina oficial en vivo)
Sergio Eduardo,Capozzi,diputado,Rio Negro,PROVINCIAS UNIDAS,PROVINCIAS UNIDAS,2023-2027,2023-12-10,2027-12-09,https://parlamentaria.hcdn.gob.ar/image/23111038589_20231129154056000_medium.png,,https://www.hcdn.gob.ar/diputados/,H. Camara de Diputados de la Nacion (nomina oficial en vivo)
Florencia,Carignano,diputado,Santa Fe,UNIÓN POR LA PATRIA,UNIÓN POR LA PATRIA,2023-2027,2023-12-10,2027-12-09,https://parlamentaria.hcdn.gob.ar/image/27266811425_20231218134938000_medium.png,,https://www.hcdn.gob.ar/diputados/,H. Camara de Diputados de la Nacion (nomina oficial en vivo)
Alejandro,Carrancio,diputado,Buenos Aires,LA LIBERTAD AVANZA,LA LIBERTAD AVANZA,2025-2029,2025-12-10,2029-12-09,https://parlamentaria.hcdn.gob.ar/image/20253856409_20251127112724000_medium.png,,https://www.hcdn.gob.ar/diputados/,H. Camara de Diputados de la Nacion (nomina oficial en vivo)
Sergio Guillermo,Casas,diputado,La Rioja,UNIÓN POR LA PATRIA,UNIÓN POR LA PATRIA,2023-2027,2023-12-10,2027-12-09,https://parlamentaria.hcdn.gob.ar/image/20172493379_20231129154211000_medium.png,,https://www.hcdn.gob.ar/diputados/,H. Camara de Diputados de la Nacion (nomina oficial en vivo)
Carlos Daniel,Castagneto,diputado,Buenos Aires,UNIÓN POR LA PATRIA,UNIÓN POR LA PATRIA,2023-2027,2023-12-10,2027-12-09,https://parlamentaria.hcdn.gob.ar/image/20139425163_20231128100920000_medium.png,,https://www.hcdn.gob.ar/diputados/,H. Camara de Diputados de la Nacion (nomina oficial en vivo)
Giselle,Castelnuovo,diputado,Buenos Aires,LA LIBERTAD AVANZA,LA LIBERTAD AVANZA,2025-2029,2025-12-10,2029-12-09,https://parlamentaria.hcdn.gob.ar/image/27277670718_20251127091254000_medium.png,,https://www.hcdn.gob.ar/diputados/,H. Camara de Diputados de la Nacion (nomina oficial en vivo)
Jorge,Chica,diputado,San Juan,UNIÓN POR LA PATRIA,UNIÓN POR LA PATRIA,2023-2027,2023-12-10,2027-12-09,https://parlamentaria.hcdn.gob.ar/image/20275742253_20231128101110000_medium.png,,https://www.hcdn.gob.ar/diputados/,H. Camara de Diputados de la Nacion (nomina oficial en vivo)
Abel,Chiconi,diputado,San Juan,LA LIBERTAD AVANZA,LA LIBERTAD AVANZA,2025-2029,2025-12-10,2029-12-09,https://parlamentaria.hcdn.gob.ar/image/23320336813_20251202090052000_medium.png,,https://www.hcdn.gob.ar/diputados/,H. Camara de Diputados de la Nacion (nomina oficial en vivo)
Gerardo,Cipolini,diputado,Chaco,UCR - UNIÓN CÍVICA RADICAL,UCR - UNIÓN CÍVICA RADICAL,2023-2027,2023-12-10,2027-12-09,https://parlamentaria.hcdn.gob.ar/image/20056678558_20231128100953000_medium.png,,https://www.hcdn.gob.ar/diputados/,H. Camara de Diputados de la Nacion (nomina oficial en vivo)
Carlos,Cisneros,diputado,Tucuman,UNIÓN POR LA PATRIA,UNIÓN POR LA PATRIA,2023-2027,2023-12-10,2027-12-09,https://parlamentaria.hcdn.gob.ar/image/20162164040_20200206125401_medium.png,,https://www.hcdn.gob.ar/diputados/,H. Camara de Diputados de la Nacion (nomina oficial en vivo)
Mariela,Coletta,diputado,Ciudad de Buenos Aires,PROVINCIAS UNIDAS,PROVINCIAS UNIDAS,2023-2027,2023-12-10,2027-12-09,https://parlamentaria.hcdn.gob.ar/image/27345125391_20231128100429000_medium.png,,https://www.hcdn.gob.ar/diputados/,H. Camara de Diputados de la Nacion (nomina oficial en vivo)
Facundo,Correa Llano,diputado,Mendoza,LA LIBERTAD AVANZA,LA LIBERTAD AVANZA,2023-2027,2023-12-10,2027-12-09,https://parlamentaria.hcdn.gob.ar/image/20268386131_20231218135336000_medium.png,,https://www.hcdn.gob.ar/diputados/,H. Camara de Diputados de la Nacion (nomina oficial en vivo)
Ricardo,Daives,diputado,Santiago del Estero,UNIÓN POR LA PATRIA,UNIÓN POR LA PATRIA,2023-2027,2023-12-10,2027-12-09,https://parlamentaria.hcdn.gob.ar/image/20080476842_20231207100702000_medium.png,,https://www.hcdn.gob.ar/diputados/,H. Camara de Diputados de la Nacion (nomina oficial en vivo)
Fernando,de Andreis,diputado,Ciudad de Buenos Aires,PRO,PRO,2025-2029,2025-12-10,2029-12-09,https://parlamentaria.hcdn.gob.ar/image/20249775461_20251127113216000_medium.png,,https://www.hcdn.gob.ar/diputados/,H. Camara de Diputados de la Nacion (nomina oficial en vivo)
María Graciela,de la Rosa,diputado,Formosa,UNIÓN POR LA PATRIA,UNIÓN POR LA PATRIA,2025-2029,2025-12-10,2029-12-09,https://parlamentaria.hcdn.gob.ar/image/23113647604_20251126100940000_medium.png,,https://www.hcdn.gob.ar/diputados/,H. Camara de Diputados de la Nacion (nomina oficial en vivo)
Natalia,de la Sota,diputado,Cordoba,DEFENDAMOS CÓRDOBA,DEFENDAMOS CÓRDOBA,2025-2029,2025-12-10,2029-12-09,https://parlamentaria.hcdn.gob.ar/image/27248854265_20211216102711000_medium.png,,https://www.hcdn.gob.ar/diputados/,H. Camara de Diputados de la Nacion (nomina oficial en vivo)
María Florencia,De Sensi,diputado,Buenos Aires,PRO,PRO,2025-2029,2025-12-10,2029-12-09,https://parlamentaria.hcdn.gob.ar/image/27332948895_20251128092414000_medium.png,,https://www.hcdn.gob.ar/diputados/,H. Camara de Diputados de la Nacion (nomina oficial en vivo)
Nicolás,del Caño,diputado,Buenos Aires,PTS-FRENTE DE IZQUIERDA Y DE TRABAJADORES UNIDAD,PTS-FRENTE DE IZQUIERDA Y DE TRABAJADORES UNIDAD,2025-2029,2025-12-10,2029-12-09,https://parlamentaria.hcdn.gob.ar/image/20279217714_20251204140140000_medium.png,,https://www.hcdn.gob.ar/diputados/,H. Camara de Diputados de la Nacion (nomina oficial en vivo)
Romina,Del Plá,diputado,Buenos Aires,PARTIDO OBRERO EN EL FRENTE DE IZQUIERDA Y DE TRABAJADORES-UNIDAD,PARTIDO OBRERO EN EL FRENTE DE IZQUIERDA Y DE TRABAJADORES-UNIDAD,2025-2029,2025-12-10,2029-12-09,https://parlamentaria.hcdn.gob.ar/image/27226680565_20251127120203000_medium.png,,https://www.hcdn.gob.ar/diputados/,H. Camara de Diputados de la Nacion (nomina oficial en vivo)
Fernanda,Díaz,diputado,Buenos Aires,UNIÓN POR LA PATRIA,UNIÓN POR LA PATRIA,2025-2029,2025-12-10,2029-12-09,https://parlamentaria.hcdn.gob.ar/image/27349910298_20251204140349000_medium.png,,https://www.hcdn.gob.ar/diputados/,H. Camara de Diputados de la Nacion (nomina oficial en vivo)
Romina,Diez,diputado,Santa Fe,LA LIBERTAD AVANZA,LA LIBERTAD AVANZA,2023-2027,2023-12-10,2027-12-09,https://parlamentaria.hcdn.gob.ar/image/27280582536_20231128105528000_medium.png,,https://www.hcdn.gob.ar/diputados/,H. Camara de Diputados de la Nacion (nomina oficial en vivo)
Sergio,Dolce,diputado,Chaco,UNIÓN POR LA PATRIA,UNIÓN POR LA PATRIA,2025-2029,2025-12-10,2029-12-09,https://parlamentaria.hcdn.gob.ar/image/20269684438_20251126101424000_medium.png,,https://www.hcdn.gob.ar/diputados/,H. Camara de Diputados de la Nacion (nomina oficial en vivo)
Nicolás,Emma,diputado,Ciudad de Buenos Aires,LA LIBERTAD AVANZA,LA LIBERTAD AVANZA,2025-2029,2025-12-10,2029-12-09,https://parlamentaria.hcdn.gob.ar/image/20291515011_20251128090428000_medium.png,,https://www.hcdn.gob.ar/diputados/,H. Camara de Diputados de la Nacion (nomina oficial en vivo)
Gabriela Beatriz,Estévez,diputado,Cordoba,UNIÓN POR LA PATRIA,UNIÓN POR LA PATRIA,2023-2027,2023-12-10,2027-12-09,https://parlamentaria.hcdn.gob.ar/image/27261225234_20231129151114000_medium.png,,https://www.hcdn.gob.ar/diputados/,H. Camara de Diputados de la Nacion (nomina oficial en vivo)
Eduardo,Falcone,diputado,Buenos Aires,MID - MOVIMIENTO DE INTEGRACIÓN Y DESARROLLO,MID - MOVIMIENTO DE INTEGRACIÓN Y DESARROLLO,2023-2027,2023-12-10,2027-12-09,https://parlamentaria.hcdn.gob.ar/image/20148134902_20241128142619000_medium.png,,https://www.hcdn.gob.ar/diputados/,H. Camara de Diputados de la Nacion (nomina oficial en vivo)
Alejandro,Fargosi,diputado,Ciudad de Buenos Aires,LA LIBERTAD AVANZA,LA LIBERTAD AVANZA,2025-2029,2025-12-10,2029-12-09,https://parlamentaria.hcdn.gob.ar/image/20113717506_20251211145749000_medium.png,,https://www.hcdn.gob.ar/diputados/,H. Camara de Diputados de la Nacion (nomina oficial en vivo)
Pablo,Farías,diputado,Santa Fe,PROVINCIAS UNIDAS,PROVINCIAS UNIDAS,2025-2029,2025-12-10,2029-12-09,https://parlamentaria.hcdn.gob.ar/image/20210031856_20260327084248000_medium.png,,https://www.hcdn.gob.ar/diputados/,H. Camara de Diputados de la Nacion (nomina oficial en vivo)
Emir,Félix,diputado,Mendoza,UNIÓN POR LA PATRIA,UNIÓN POR LA PATRIA,2025-2029,2025-12-10,2029-12-09,https://parlamentaria.hcdn.gob.ar/image/20168368373_20251204141145000_medium.png,,https://www.hcdn.gob.ar/diputados/,H. Camara de Diputados de la Nacion (nomina oficial en vivo)
Jorge,Fernández,diputado,San Luis,PRIMERO SAN LUIS,PRIMERO SAN LUIS,2025-2029,2025-12-10,2029-12-09,https://parlamentaria.hcdn.gob.ar/image/20133010298_20251202143951000_medium.png,,https://www.hcdn.gob.ar/diputados/,H. Camara de Diputados de la Nacion (nomina oficial en vivo)
Elia Marina,Fernández,diputado,Tucuman,INDEPENDENCIA,INDEPENDENCIA,2023-2027,2025-12-10,2027-12-09,https://parlamentaria.hcdn.gob.ar/image/27167354918_20251202142545000_medium.png,,https://www.hcdn.gob.ar/diputados/,H. Camara de Diputados de la Nacion (nomina oficial en vivo)
Daiana,Fernández Molero,diputado,Ciudad de Buenos Aires,PRO,PRO,2023-2027,2023-12-10,2027-12-09,https://parlamentaria.hcdn.gob.ar/image/27319171148_20231128102546000_medium.png,,https://www.hcdn.gob.ar/diputados/,H. Camara de Diputados de la Nacion (nomina oficial en vivo)
Abelardo,Ferrán,diputado,La Pampa,UNIÓN POR LA PATRIA,UNIÓN POR LA PATRIA,2025-2029,2025-12-10,2029-12-09,https://parlamentaria.hcdn.gob.ar/image/20133677586_20251126102235000_medium.png,,https://www.hcdn.gob.ar/diputados/,H. Camara de Diputados de la Nacion (nomina oficial en vivo)
Maximiliano,Ferraro,diputado,Ciudad de Buenos Aires,COALICION CIVICA,COALICION CIVICA,2023-2027,2023-12-10,2027-12-09,https://parlamentaria.hcdn.gob.ar/image/20250442433_20231128104631000_medium.png,,https://www.hcdn.gob.ar/diputados/,H. Camara de Diputados de la Nacion (nomina oficial en vivo)
Alida,Ferreyra,diputado,Ciudad de Buenos Aires,LA LIBERTAD AVANZA,LA LIBERTAD AVANZA,2023-2027,2024-01-31,2027-12-09,https://parlamentaria.hcdn.gob.ar/image/27262351195_20240129145036000_medium.png,,https://www.hcdn.gob.ar/diputados/,H. Camara de Diputados de la Nacion (nomina oficial en vivo)
Sergio,Figliuolo,diputado,Buenos Aires,LA LIBERTAD AVANZA,LA LIBERTAD AVANZA,2025-2029,2025-12-10,2029-12-09,https://parlamentaria.hcdn.gob.ar/image/20253596814_20251204141955000_medium.png,,https://www.hcdn.gob.ar/diputados/,H. Camara de Diputados de la Nacion (nomina oficial en vivo)
Alejandro,Finocchiaro,diputado,Buenos Aires,PRO,PRO,2025-2029,2025-12-10,2029-12-09,https://parlamentaria.hcdn.gob.ar/image/20184536758_20211202162523000_medium.png,,https://www.hcdn.gob.ar/diputados/,H. Camara de Diputados de la Nacion (nomina oficial en vivo)
Maria Gabriela,Flores,diputado,Salta,LA LIBERTAD AVANZA,LA LIBERTAD AVANZA,2025-2029,2025-12-10,2029-12-09,https://parlamentaria.hcdn.gob.ar/image/27241384727_20251204142138000_medium.png,,https://www.hcdn.gob.ar/diputados/,H. Camara de Diputados de la Nacion (nomina oficial en vivo)
Mónica,Frade,diputado,Buenos Aires,COALICION CIVICA,COALICION CIVICA,2023-2027,2023-12-10,2027-12-09,https://parlamentaria.hcdn.gob.ar/image/23127596824_20231128101433000_medium.png,,https://www.hcdn.gob.ar/diputados/,H. Camara de Diputados de la Nacion (nomina oficial en vivo)
Alicia,Fregonese,diputado,Entre Rios,PRO,PRO,2025-2029,2025-12-10,2029-12-09,https://parlamentaria.hcdn.gob.ar/image/27142715916_20251215115147000_medium.png,,https://www.hcdn.gob.ar/diputados/,H. Camara de Diputados de la Nacion (nomina oficial en vivo)
Andrea,Freites,diputado,Tierra del Fuego,UNIÓN POR LA PATRIA,UNIÓN POR LA PATRIA,2023-2027,2023-12-10,2027-12-09,https://parlamentaria.hcdn.gob.ar/image/27256325689_20231128102702000_medium.png,,https://www.hcdn.gob.ar/diputados/,H. Camara de Diputados de la Nacion (nomina oficial en vivo)
Maira,Frias,diputado,Chubut,LA LIBERTAD AVANZA,LA LIBERTAD AVANZA,2025-2029,2025-12-10,2029-12-09,https://parlamentaria.hcdn.gob.ar/image/27330723578_20251126102513000_medium.png,,https://www.hcdn.gob.ar/diputados/,H. Camara de Diputados de la Nacion (nomina oficial en vivo)
María Virginia,Gallardo,diputado,Corrientes,LA LIBERTAD AVANZA,LA LIBERTAD AVANZA,2025-2029,2025-12-10,2029-12-09,https://parlamentaria.hcdn.gob.ar/image/27318487222_20251215091750000_medium.png,,https://www.hcdn.gob.ar/diputados/,H. Camara de Diputados de la Nacion (nomina oficial en vivo)
Sebastián,Galmarini,diputado,Buenos Aires,UNIÓN POR LA PATRIA,UNIÓN POR LA PATRIA,2025-2029,2025-12-10,2029-12-09,https://parlamentaria.hcdn.gob.ar/image/20266508329_20251201142222000_medium.png,,https://www.hcdn.gob.ar/diputados/,H. Camara de Diputados de la Nacion (nomina oficial en vivo)
Carlos,García,diputado,Chaco,LA LIBERTAD AVANZA,LA LIBERTAD AVANZA,2023-2027,2023-12-10,2027-12-09,https://parlamentaria.hcdn.gob.ar/image/20221313837_20231205095639000_medium.png,,https://www.hcdn.gob.ar/diputados/,H. Camara de Diputados de la Nacion (nomina oficial en vivo)
María Teresa,García,diputado,Buenos Aires,UNIÓN POR LA PATRIA,UNIÓN POR LA PATRIA,2025-2029,2025-12-10,2029-12-09,https://parlamentaria.hcdn.gob.ar/image/27122857714_20251126102902000_medium.png,,https://www.hcdn.gob.ar/diputados/,H. Camara de Diputados de la Nacion (nomina oficial en vivo)
Álvaro,García,diputado,Buenos Aires,LA LIBERTAD AVANZA,LA LIBERTAD AVANZA,2025-2029,2025-12-10,2029-12-09,https://parlamentaria.hcdn.gob.ar/image/20270878181_20251204142930000_medium.png,,https://www.hcdn.gob.ar/diputados/,H. Camara de Diputados de la Nacion (nomina oficial en vivo)
Ignacio,García Aresca,diputado,Cordoba,PROVINCIAS UNIDAS,PROVINCIAS UNIDAS,2025-2029,2025-12-10,2029-12-09,https://parlamentaria.hcdn.gob.ar/image/20208736338_20251203094634000_medium.png,,https://www.hcdn.gob.ar/diputados/,H. Camara de Diputados de la Nacion (nomina oficial en vivo)
José Luis,Garrido,diputado,Santa Cruz,POR SANTA CRUZ,POR SANTA CRUZ,2023-2027,2023-12-10,2027-12-09,https://parlamentaria.hcdn.gob.ar/image/20209210739_20240122145422000_medium.png,,https://www.hcdn.gob.ar/diputados/,H. Camara de Diputados de la Nacion (nomina oficial en vivo)
Antonela,Giampieri,diputado,Ciudad de Buenos Aires,PRO,PRO,2025-2029,2025-12-10,2029-12-09,https://parlamentaria.hcdn.gob.ar/image/27339516524_20251204143259000_medium.png,,https://www.hcdn.gob.ar/diputados/,H. Camara de Diputados de la Nacion (nomina oficial en vivo)
Silvana,Giudici,diputado,Ciudad de Buenos Aires,LA LIBERTAD AVANZA,LA LIBERTAD AVANZA,2023-2027,2023-12-10,2027-12-09,https://parlamentaria.hcdn.gob.ar/image/27145408909_20231128100754000_medium.png,,https://www.hcdn.gob.ar/diputados/,H. Camara de Diputados de la Nacion (nomina oficial en vivo)
Diego A.,Giuliano,diputado,Santa Fe,UNIÓN POR LA PATRIA,UNIÓN POR LA PATRIA,2023-2027,2023-12-10,2027-12-09,https://parlamentaria.hcdn.gob.ar/image/20172884181_20231129150454000_medium.png,,https://www.hcdn.gob.ar/diputados/,H. Camara de Diputados de la Nacion (nomina oficial en vivo)
José,Glinski,diputado,Chubut,UNIÓN POR LA PATRIA,UNIÓN POR LA PATRIA,2023-2027,2023-12-10,2027-12-09,https://parlamentaria.hcdn.gob.ar/image/20280759881_20231128111210000_medium.png,,https://www.hcdn.gob.ar/diputados/,H. Camara de Diputados de la Nacion (nomina oficial en vivo)
Rosario,Goitia,diputado,Chaco,LA LIBERTAD AVANZA,LA LIBERTAD AVANZA,2025-2029,2025-12-10,2029-12-09,https://parlamentaria.hcdn.gob.ar/image/27264184830_20251126103200000_medium.png,,https://www.hcdn.gob.ar/diputados/,H. Camara de Diputados de la Nacion (nomina oficial en vivo)
José,Gomez,diputado,Santiago del Estero,UNIÓN POR LA PATRIA,UNIÓN POR LA PATRIA,2023-2027,2023-12-10,2027-12-09,https://parlamentaria.hcdn.gob.ar/image/20161912078_20231129151752000_medium.png,,https://www.hcdn.gob.ar/diputados/,H. Camara de Diputados de la Nacion (nomina oficial en vivo)
Alfredo,Gonzales,diputado,Jujuy,LA LIBERTAD AVANZA,LA LIBERTAD AVANZA,2025-2029,2025-12-10,2029-12-09,https://parlamentaria.hcdn.gob.ar/image/20336276188_20251125112710000_medium.png,,https://www.hcdn.gob.ar/diputados/,H. Camara de Diputados de la Nacion (nomina oficial en vivo)
Diógenes Ignacio,González,diputado,Corrientes,UCR - UNIÓN CÍVICA RADICAL,UCR - UNIÓN CÍVICA RADICAL,2025-2029,2025-12-10,2029-12-09,https://parlamentaria.hcdn.gob.ar/image/20174122777_20251204143840000_medium.png,,https://www.hcdn.gob.ar/diputados/,H. Camara de Diputados de la Nacion (nomina oficial en vivo)
Álvaro,González,diputado,Ciudad de Buenos Aires,PRO,PRO,2023-2027,2023-12-10,2027-12-09,https://parlamentaria.hcdn.gob.ar/image/20126966505_20231206151116000_medium.png,,https://www.hcdn.gob.ar/diputados/,H. Camara de Diputados de la Nacion (nomina oficial en vivo)
Gerardo Gustavo,González,diputado,Formosa,INNOVACIÓN FEDERAL,INNOVACIÓN FEDERAL,2023-2027,2023-12-10,2027-12-09,https://parlamentaria.hcdn.gob.ar/image/20242876203_20231128101035000_medium.png,,https://www.hcdn.gob.ar/diputados/,H. Camara de Diputados de la Nacion (nomina oficial en vivo)
María Luisa,González Estevarena,diputado,Buenos Aires,LA LIBERTAD AVANZA,LA LIBERTAD AVANZA,2025-2029,2025-12-10,2029-12-09,https://parlamentaria.hcdn.gob.ar/image/27127995236_20251204143658000_medium.png,,https://www.hcdn.gob.ar/diputados/,H. Camara de Diputados de la Nacion (nomina oficial en vivo)
Juan,Grabois,diputado,Buenos Aires,UNIÓN POR LA PATRIA,UNIÓN POR LA PATRIA,2025-2029,2025-12-10,2029-12-09,https://parlamentaria.hcdn.gob.ar/image/20303347659_20251126103754000_medium.png,,https://www.hcdn.gob.ar/diputados/,H. Camara de Diputados de la Nacion (nomina oficial en vivo)
Maura,Gruber,diputado,Misiones,LA LIBERTAD AVANZA,LA LIBERTAD AVANZA,2025-2029,2025-12-10,2029-12-09,https://parlamentaria.hcdn.gob.ar/image/23304576774_20251204144040000_medium.png,,https://www.hcdn.gob.ar/diputados/,H. Camara de Diputados de la Nacion (nomina oficial en vivo)
Ramiro,Gutiérrez,diputado,Buenos Aires,UNIÓN POR LA PATRIA,UNIÓN POR LA PATRIA,2023-2027,2023-12-10,2027-12-09,https://parlamentaria.hcdn.gob.ar/image/20178882873_20200206125402_medium.png,,https://www.hcdn.gob.ar/diputados/,H. Camara de Diputados de la Nacion (nomina oficial en vivo)
Carlos,Gutiérrez,diputado,Cordoba,PROVINCIAS UNIDAS,PROVINCIAS UNIDAS,2023-2027,2023-12-10,2027-12-09,https://parlamentaria.hcdn.gob.ar/image/10821747_20200214145746000_medium.png,,https://www.hcdn.gob.ar/diputados/,H. Camara de Diputados de la Nacion (nomina oficial en vivo)
Jairo,Guzmán,diputado,Santa Cruz,LA LIBERTAD AVANZA,LA LIBERTAD AVANZA,2025-2029,2025-12-10,2029-12-09,https://parlamentaria.hcdn.gob.ar/image/20303559680_20251204144249000_medium.png,,https://www.hcdn.gob.ar/diputados/,H. Camara de Diputados de la Nacion (nomina oficial en vivo)
Raúl,Hadad,diputado,Corrientes,UNIÓN POR LA PATRIA,UNIÓN POR LA PATRIA,2025-2029,2025-12-10,2029-12-09,https://parlamentaria.hcdn.gob.ar/image/20323020516_20251126104035000_medium.png,,https://www.hcdn.gob.ar/diputados/,H. Camara de Diputados de la Nacion (nomina oficial en vivo)
Itai,Hagman,diputado,Ciudad de Buenos Aires,UNIÓN POR LA PATRIA,UNIÓN POR LA PATRIA,2025-2029,2025-12-10,2029-12-09,https://parlamentaria.hcdn.gob.ar/image/20190103200_20251127083856000_medium.png,,https://www.hcdn.gob.ar/diputados/,H. Camara de Diputados de la Nacion (nomina oficial en vivo)
Diego,Hartfield,diputado,Misiones,LA LIBERTAD AVANZA,LA LIBERTAD AVANZA,2025-2029,2025-12-10,2029-12-09,https://parlamentaria.hcdn.gob.ar/image/20284663447_20251211134306000_medium.png,,https://www.hcdn.gob.ar/diputados/,H. Camara de Diputados de la Nacion (nomina oficial en vivo)
Oscar A.,Herrera Ahuad,diputado,Misiones,INNOVACIÓN FEDERAL,INNOVACIÓN FEDERAL,2025-2029,2025-12-10,2029-12-09,https://parlamentaria.hcdn.gob.ar/image/20223522514_20251126104204000_medium.png,,https://www.hcdn.gob.ar/diputados/,H. Camara de Diputados de la Nacion (nomina oficial en vivo)
Patricia,Holzman,diputado,Ciudad de Buenos Aires,LA LIBERTAD AVANZA,LA LIBERTAD AVANZA,2025-2029,2025-12-10,2029-12-09,https://parlamentaria.hcdn.gob.ar/image/27176050034_20251204144807000_medium.png,,https://www.hcdn.gob.ar/diputados/,H. Camara de Diputados de la Nacion (nomina oficial en vivo)
Gerardo,Huesen,diputado,Tucuman,LA LIBERTAD AVANZA,LA LIBERTAD AVANZA,2023-2027,2023-12-10,2027-12-09,https://parlamentaria.hcdn.gob.ar/image/20279611412_20231206151210000_medium.png,,https://www.hcdn.gob.ar/diputados/,H. Camara de Diputados de la Nacion (nomina oficial en vivo)
Gladys,Humenuk,diputado,Buenos Aires,LA LIBERTAD AVANZA,LA LIBERTAD AVANZA,2025-2029,2025-12-10,2029-12-09,https://parlamentaria.hcdn.gob.ar/image/27231385776_20251204145032000_medium.png,,https://www.hcdn.gob.ar/diputados/,H. Camara de Diputados de la Nacion (nomina oficial en vivo)
Ana María,Ianni,diputado,Santa Cruz,UNIÓN POR LA PATRIA,UNIÓN POR LA PATRIA,2023-2027,2023-12-10,2027-12-09,https://parlamentaria.hcdn.gob.ar/image/27209648909_20231128100843000_medium.png,,https://www.hcdn.gob.ar/diputados/,H. Camara de Diputados de la Nacion (nomina oficial en vivo)
María Cecilia,Ibañez,diputado,Cordoba,LA LIBERTAD AVANZA,LA LIBERTAD AVANZA,2023-2027,2023-12-10,2027-12-09,https://parlamentaria.hcdn.gob.ar/image/23171578434_20231129152402000_medium.png,,https://www.hcdn.gob.ar/diputados/,H. Camara de Diputados de la Nacion (nomina oficial en vivo)
Carlos Gustavo,Jaime Quiroga,diputado,San Juan,PRODUCCION Y TRABAJO,PRODUCCION Y TRABAJO,2025-2029,2025-12-10,2029-12-09,https://parlamentaria.hcdn.gob.ar/image/20291658971_20251201114641000_medium.png,,https://www.hcdn.gob.ar/diputados/,H. Camara de Diputados de la Nacion (nomina oficial en vivo)
Pablo,Juliano,diputado,Buenos Aires,PROVINCIAS UNIDAS,PROVINCIAS UNIDAS,2023-2027,2023-12-10,2027-12-09,https://parlamentaria.hcdn.gob.ar/image/23337997589_20231128111433000_medium.png,,https://www.hcdn.gob.ar/diputados/,H. Camara de Diputados de la Nacion (nomina oficial en vivo)
Máximo Carlos,Kirchner,diputado,Buenos Aires,UNIÓN POR LA PATRIA,UNIÓN POR LA PATRIA,2023-2027,2023-12-10,2027-12-09,https://parlamentaria.hcdn.gob.ar/image/20258693109_20231128170631000_medium.png,,https://www.hcdn.gob.ar/diputados/,H. Camara de Diputados de la Nacion (nomina oficial en vivo)
Moira,Lanesan Sancho,diputado,Santa Cruz,UNIÓN POR LA PATRIA,UNIÓN POR LA PATRIA,2025-2029,2025-12-10,2029-12-09,https://parlamentaria.hcdn.gob.ar/image/27314401234_20251127085330000_medium.png,,https://www.hcdn.gob.ar/diputados/,H. Camara de Diputados de la Nacion (nomina oficial en vivo)
Andrés Ariel,Laumann,diputado,Entre Rios,LA LIBERTAD AVANZA,LA LIBERTAD AVANZA,2025-2029,2025-12-10,2029-12-09,https://parlamentaria.hcdn.gob.ar/image/20225959111_20251204145542000_medium.png,,https://www.hcdn.gob.ar/diputados/,H. Camara de Diputados de la Nacion (nomina oficial en vivo)
Aldo,Leiva,diputado,Chaco,UNIÓN POR LA PATRIA,UNIÓN POR LA PATRIA,2023-2027,2023-12-10,2027-12-09,https://parlamentaria.hcdn.gob.ar/image/20165030398_20240319150734000_medium.png,,https://www.hcdn.gob.ar/diputados/,H. Camara de Diputados de la Nacion (nomina oficial en vivo)
Lilia,Lemoine,diputado,Buenos Aires,LA LIBERTAD AVANZA,LA LIBERTAD AVANZA,2023-2027,2023-12-10,2027-12-09,https://parlamentaria.hcdn.gob.ar/image/27282985263_20231128101233000_medium.png,,https://www.hcdn.gob.ar/diputados/,H. Camara de Diputados de la Nacion (nomina oficial en vivo)
Andrés,Leone,diputado,Ciudad de Buenos Aires,LA LIBERTAD AVANZA,LA LIBERTAD AVANZA,2025-2029,2025-12-10,2029-12-09,https://parlamentaria.hcdn.gob.ar/image/20217318670_20251204145720000_medium.png,,https://www.hcdn.gob.ar/diputados/,H. Camara de Diputados de la Nacion (nomina oficial en vivo)
Mercedes,Llano,diputado,Mendoza,LA LIBERTAD AVANZA,LA LIBERTAD AVANZA,2023-2027,2023-12-10,2027-12-09,https://parlamentaria.hcdn.gob.ar/image/27267928539_20231128104245000_medium.png,,https://www.hcdn.gob.ar/diputados/,H. Camara de Diputados de la Nacion (nomina oficial en vivo)
Enrique,Lluch,diputado,Cordoba,LA LIBERTAD AVANZA,LA LIBERTAD AVANZA,2025-2029,2025-12-10,2029-12-09,https://parlamentaria.hcdn.gob.ar/image/20296629597_20251204145853000_medium.png,,https://www.hcdn.gob.ar/diputados/,H. Camara de Diputados de la Nacion (nomina oficial en vivo)
Johanna Sabrina,Longo,diputado,Buenos Aires,LA LIBERTAD AVANZA,LA LIBERTAD AVANZA,2025-2029,2025-12-10,2029-12-09,https://parlamentaria.hcdn.gob.ar/image/27296966075_20251126105244000_medium.png,,https://www.hcdn.gob.ar/diputados/,H. Camara de Diputados de la Nacion (nomina oficial en vivo)
Jimena,López,diputado,Buenos Aires,UNIÓN POR LA PATRIA,UNIÓN POR LA PATRIA,2025-2029,2025-12-10,2029-12-09,https://parlamentaria.hcdn.gob.ar/image/27277083561_20251126105452000_medium.png,,https://www.hcdn.gob.ar/diputados/,H. Camara de Diputados de la Nacion (nomina oficial en vivo)
Cecilia,López Pasquali,diputado,Santiago del Estero,UNIÓN POR LA PATRIA,UNIÓN POR LA PATRIA,2025-2029,2025-12-10,2029-12-09,https://parlamentaria.hcdn.gob.ar/image/27057991025_20251204150040000_medium.png,,https://www.hcdn.gob.ar/diputados/,H. Camara de Diputados de la Nacion (nomina oficial en vivo)
Martín,Lousteau,diputado,Ciudad de Buenos Aires,PROVINCIAS UNIDAS,PROVINCIAS UNIDAS,2025-2029,2025-12-10,2029-12-09,https://parlamentaria.hcdn.gob.ar/image/20219540125_20251125150757000_medium.png,,https://www.hcdn.gob.ar/diputados/,H. Camara de Diputados de la Nacion (nomina oficial en vivo)
Juan Pablo,Luque,diputado,Chubut,UNIÓN POR LA PATRIA,UNIÓN POR LA PATRIA,2025-2029,2025-12-10,2029-12-09,https://parlamentaria.hcdn.gob.ar/image/20263667000_20251126081336000_medium.png,,https://www.hcdn.gob.ar/diputados/,H. Camara de Diputados de la Nacion (nomina oficial en vivo)
Lorena,Macyszyn,diputado,Buenos Aires,LA LIBERTAD AVANZA,LA LIBERTAD AVANZA,2023-2027,2023-12-10,2027-12-09,https://parlamentaria.hcdn.gob.ar/image/27267660633_20231129152015000_medium.png,,https://www.hcdn.gob.ar/diputados/,H. Camara de Diputados de la Nacion (nomina oficial en vivo)
Marcelo,Mango,diputado,Rio Negro,UNIÓN POR LA PATRIA,UNIÓN POR LA PATRIA,2023-2027,2025-12-10,2027-12-09,https://parlamentaria.hcdn.gob.ar/image/20173882174_20251201142709000_medium.png,,https://www.hcdn.gob.ar/diputados/,H. Camara de Diputados de la Nacion (nomina oficial en vivo)
Mario,Manrique,diputado,Buenos Aires,UNIÓN POR LA PATRIA,UNIÓN POR LA PATRIA,2023-2027,2023-12-10,2027-12-09,https://parlamentaria.hcdn.gob.ar/image/20146757066_20231128100511000_medium.png,,https://www.hcdn.gob.ar/diputados/,H. Camara de Diputados de la Nacion (nomina oficial en vivo)
Marianela,Marclay,diputado,Entre Rios,UNIÓN POR LA PATRIA,UNIÓN POR LA PATRIA,2025-2029,2025-12-10,2029-12-09,https://parlamentaria.hcdn.gob.ar/image/27305499108_20251126085708000_medium.png,,https://www.hcdn.gob.ar/diputados/,H. Camara de Diputados de la Nacion (nomina oficial en vivo)
Varinia Lis,Marín,diputado,La Pampa,UNIÓN POR LA PATRIA,UNIÓN POR LA PATRIA,2025-2029,2025-12-10,2029-12-09,https://parlamentaria.hcdn.gob.ar/image/27201070746_20251126110014000_medium.png,,https://www.hcdn.gob.ar/diputados/,H. Camara de Diputados de la Nacion (nomina oficial en vivo)
Juan,Marino,diputado,Buenos Aires,UNIÓN POR LA PATRIA,UNIÓN POR LA PATRIA,2023-2027,2023-12-10,2027-12-09,https://parlamentaria.hcdn.gob.ar/image/20338868244_20231128101152000_medium.png,,https://www.hcdn.gob.ar/diputados/,H. Camara de Diputados de la Nacion (nomina oficial en vivo)
Álvaro,Martínez,diputado,Mendoza,LA LIBERTAD AVANZA,LA LIBERTAD AVANZA,2025-2029,2025-12-10,2029-12-09,https://parlamentaria.hcdn.gob.ar/image/20326276287_20251201145432000_medium.png,,https://www.hcdn.gob.ar/diputados/,H. Camara de Diputados de la Nacion (nomina oficial en vivo)
Germán Pedro,Martínez,diputado,Santa Fe,UNIÓN POR LA PATRIA,UNIÓN POR LA PATRIA,2023-2027,2023-12-10,2027-12-09,https://parlamentaria.hcdn.gob.ar/image/20242395752_20200206125405_medium.png,,https://www.hcdn.gob.ar/diputados/,H. Camara de Diputados de la Nacion (nomina oficial en vivo)
Nicolás,Massot,diputado,Buenos Aires,ENCUENTRO FEDERAL,ENCUENTRO FEDERAL,2023-2027,2023-12-10,2027-12-09,https://parlamentaria.hcdn.gob.ar/image/20310895955_20231128100601000_medium.png,,https://www.hcdn.gob.ar/diputados/,H. Camara de Diputados de la Nacion (nomina oficial en vivo)
Martín,Matzkin,diputado,La Pampa,LA LIBERTAD AVANZA,LA LIBERTAD AVANZA,2025-2029,2026-06-24,2029-12-09,,,https://www.hcdn.gob.ar/diputados/,H. Camara de Diputados de la Nacion (nomina oficial en vivo)
Karina,Maureira,diputado,Neuquen,LA NEUQUINIDAD,LA NEUQUINIDAD,2025-2029,2025-12-10,2029-12-09,https://parlamentaria.hcdn.gob.ar/image/23221392094_20251211134029000_medium.png,,https://www.hcdn.gob.ar/diputados/,H. Camara de Diputados de la Nacion (nomina oficial en vivo)
Nicolás,Mayoraz,diputado,Santa Fe,LA LIBERTAD AVANZA,LA LIBERTAD AVANZA,2023-2027,2023-12-10,2027-12-09,https://parlamentaria.hcdn.gob.ar/image/20202980210_20231128104924000_medium.png,,https://www.hcdn.gob.ar/diputados/,H. Camara de Diputados de la Nacion (nomina oficial en vivo)
Gladys,Medina,diputado,Tucuman,INDEPENDENCIA,INDEPENDENCIA,2025-2029,2025-12-10,2029-12-09,https://parlamentaria.hcdn.gob.ar/image/27233105193_20251202145510000_medium.png,,https://www.hcdn.gob.ar/diputados/,H. Camara de Diputados de la Nacion (nomina oficial en vivo)
Martín,Menem,diputado,La Rioja,LA LIBERTAD AVANZA,LA LIBERTAD AVANZA,2023-2027,2023-12-10,2027-12-09,https://parlamentaria.hcdn.gob.ar/image/20245792906_20231207105307000_medium.png,,https://www.hcdn.gob.ar/diputados/,H. Camara de Diputados de la Nacion (nomina oficial en vivo)
Julieta,Metral Asensio,diputado,Mendoza,LA LIBERTAD AVANZA,LA LIBERTAD AVANZA,2025-2029,2025-12-10,2029-12-09,https://parlamentaria.hcdn.gob.ar/image/27347466331_20251126110610000_medium.png,,https://www.hcdn.gob.ar/diputados/,H. Camara de Diputados de la Nacion (nomina oficial en vivo)
Guillermo,Michel,diputado,Entre Rios,UNIÓN POR LA PATRIA,UNIÓN POR LA PATRIA,2025-2029,2025-12-10,2029-12-09,https://parlamentaria.hcdn.gob.ar/image/20256611210_20251126111108000_medium.png,,https://www.hcdn.gob.ar/diputados/,H. Camara de Diputados de la Nacion (nomina oficial en vivo)
Fernanda,Miño,diputado,Buenos Aires,UNIÓN POR LA PATRIA,UNIÓN POR LA PATRIA,2025-2029,2025-12-10,2029-12-09,https://parlamentaria.hcdn.gob.ar/image/27241001070_20251126111348000_medium.png,,https://www.hcdn.gob.ar/diputados/,H. Camara de Diputados de la Nacion (nomina oficial en vivo)
Juan Carlos,Molina,diputado,Santa Cruz,UNIÓN POR LA PATRIA,UNIÓN POR LA PATRIA,2025-2029,2025-12-10,2029-12-09,https://parlamentaria.hcdn.gob.ar/image/20179418046_20251203102227000_medium.png,,https://www.hcdn.gob.ar/diputados/,H. Camara de Diputados de la Nacion (nomina oficial en vivo)
Soledad,Molinuevo,diputado,Tucuman,LA LIBERTAD AVANZA,LA LIBERTAD AVANZA,2025-2029,2025-12-10,2029-12-09,https://parlamentaria.hcdn.gob.ar/image/27225573641_20251126111910000_medium.png,,https://www.hcdn.gob.ar/diputados/,H. Camara de Diputados de la Nacion (nomina oficial en vivo)
Matías,Molle,diputado,Buenos Aires,UNIÓN POR LA PATRIA,UNIÓN POR LA PATRIA,2023-2027,2023-12-10,2027-12-09,https://parlamentaria.hcdn.gob.ar/image/20253485478_20231128101340000_medium.png,,https://www.hcdn.gob.ar/diputados/,H. Camara de Diputados de la Nacion (nomina oficial en vivo)
Soledad,Mondaca,diputado,Neuquen,LA LIBERTAD AVANZA,LA LIBERTAD AVANZA,2025-2029,2025-12-10,2029-12-09,https://parlamentaria.hcdn.gob.ar/image/27340841366_20251126112238000_medium.png,,https://www.hcdn.gob.ar/diputados/,H. Camara de Diputados de la Nacion (nomina oficial en vivo)
Fernando,Monguillot,diputado,Catamarca,ELIJO CATAMARCA,ELIJO CATAMARCA,2025-2029,2025-12-10,2029-12-09,https://parlamentaria.hcdn.gob.ar/image/20336951292_20251204152800000_medium.png,,https://www.hcdn.gob.ar/diputados/,H. Camara de Diputados de la Nacion (nomina oficial en vivo)
Juan Pablo,Montenegro,diputado,Santa Fe,LA LIBERTAD AVANZA,LA LIBERTAD AVANZA,2025-2029,2025-12-10,2029-12-09,https://parlamentaria.hcdn.gob.ar/image/20266676531_20251204153033000_medium.png,,https://www.hcdn.gob.ar/diputados/,H. Camara de Diputados de la Nacion (nomina oficial en vivo)
Guillermo,Montenegro,diputado,Buenos Aires,LA LIBERTAD AVANZA,LA LIBERTAD AVANZA,2023-2027,2023-12-10,2027-12-09,https://parlamentaria.hcdn.gob.ar/image/20245846828_20231205094335000_medium.png,,https://www.hcdn.gob.ar/diputados/,H. Camara de Diputados de la Nacion (nomina oficial en vivo)
Roxana,Monzón,diputado,Buenos Aires,UNIÓN POR LA PATRIA,UNIÓN POR LA PATRIA,2023-2027,2023-12-10,2027-12-09,https://parlamentaria.hcdn.gob.ar/image/27239191288_20231128101806000_medium.png,,https://www.hcdn.gob.ar/diputados/,H. Camara de Diputados de la Nacion (nomina oficial en vivo)
Francisco,Morchio,diputado,Entre Rios,LA LIBERTAD AVANZA,LA LIBERTAD AVANZA,2023-2027,2023-12-10,2027-12-09,https://parlamentaria.hcdn.gob.ar/image/20245607068_20231129150853000_medium.png,,https://www.hcdn.gob.ar/diputados/,H. Camara de Diputados de la Nacion (nomina oficial en vivo)
Cecilia,Moreau,diputado,Buenos Aires,UNIÓN POR LA PATRIA,UNIÓN POR LA PATRIA,2023-2027,2023-12-10,2027-12-09,https://parlamentaria.hcdn.gob.ar/image/27256151524_20200206125351_medium.png,,https://www.hcdn.gob.ar/diputados/,H. Camara de Diputados de la Nacion (nomina oficial en vivo)
Julio,Moreno Ovalle,diputado,Salta,LA LIBERTAD AVANZA,LA LIBERTAD AVANZA,2023-2027,2023-12-10,2027-12-09,https://parlamentaria.hcdn.gob.ar/image/20112830325_20231207101650000_medium.png,,https://www.hcdn.gob.ar/diputados/,H. Camara de Diputados de la Nacion (nomina oficial en vivo)
Hugo Antonio,Moyano,diputado,Buenos Aires,UNIÓN POR LA PATRIA,UNIÓN POR LA PATRIA,2025-2029,2025-12-10,2029-12-09,https://parlamentaria.hcdn.gob.ar/image/20305063291_20251127154357000_medium.png,,https://www.hcdn.gob.ar/diputados/,H. Camara de Diputados de la Nacion (nomina oficial en vivo)
Jorge,Mukdise,diputado,Santiago del Estero,UNIÓN POR LA PATRIA,UNIÓN POR LA PATRIA,2025-2029,2025-12-10,2029-12-09,https://parlamentaria.hcdn.gob.ar/image/20228949907_20251126121705000_medium.png,,https://www.hcdn.gob.ar/diputados/,H. Camara de Diputados de la Nacion (nomina oficial en vivo)
Gabriela Luciana,Muñoz,diputado,Neuquen,LA LIBERTAD AVANZA,LA LIBERTAD AVANZA,2023-2027,2025-12-10,2027-12-09,https://parlamentaria.hcdn.gob.ar/image/27348606684_20251127141340000_medium.png,,https://www.hcdn.gob.ar/diputados/,H. Camara de Diputados de la Nacion (nomina oficial en vivo)
Estela Mary,Neder,diputado,Santiago del Estero,UNIÓN POR LA PATRIA,UNIÓN POR LA PATRIA,2023-2027,2023-12-10,2027-12-09,https://parlamentaria.hcdn.gob.ar/image/23137026104_20200206125333_medium.png,,https://www.hcdn.gob.ar/diputados/,H. Camara de Diputados de la Nacion (nomina oficial en vivo)
Lisandro,Nieri,diputado,Mendoza,UCR - UNIÓN CÍVICA RADICAL,UCR - UNIÓN CÍVICA RADICAL,2023-2027,2023-12-10,2027-12-09,https://parlamentaria.hcdn.gob.ar/image/20227777436_20231130151346000_medium.png,,https://www.hcdn.gob.ar/diputados/,H. Camara de Diputados de la Nacion (nomina oficial en vivo)
Miriam,Niveyro,diputado,Buenos Aires,LA LIBERTAD AVANZA,LA LIBERTAD AVANZA,2025-2029,2025-12-10,2029-12-09,https://parlamentaria.hcdn.gob.ar/image/27200012513_20251126125955000_medium.png,,https://www.hcdn.gob.ar/diputados/,H. Camara de Diputados de la Nacion (nomina oficial en vivo)
Sebastián,Nóblega,diputado,Catamarca,ELIJO CATAMARCA,ELIJO CATAMARCA,2023-2027,2023-12-10,2027-12-09,https://parlamentaria.hcdn.gob.ar/image/20303646362_20231130151045000_medium.png,,https://www.hcdn.gob.ar/diputados/,H. Camara de Diputados de la Nacion (nomina oficial en vivo)
Javier,Noguera,diputado,Tucuman,INDEPENDENCIA,INDEPENDENCIA,2025-2029,2025-12-10,2029-12-09,https://parlamentaria.hcdn.gob.ar/image/20217440743_20251127092235000_medium.png,,https://www.hcdn.gob.ar/diputados/,H. Camara de Diputados de la Nacion (nomina oficial en vivo)
José,Nuñez,diputado,Santa Fe,PROVINCIAS UNIDAS,PROVINCIAS UNIDAS,2023-2027,2023-12-10,2027-12-09,https://parlamentaria.hcdn.gob.ar/image/20242920644_20200206125307_medium.png,,https://www.hcdn.gob.ar/diputados/,H. Camara de Diputados de la Nacion (nomina oficial en vivo)
Joaquín,Ojeda,diputado,Buenos Aires,LA LIBERTAD AVANZA,LA LIBERTAD AVANZA,2025-2029,2025-12-10,2029-12-09,https://parlamentaria.hcdn.gob.ar/image/20358926933_20251126131046000_medium.png,,https://www.hcdn.gob.ar/diputados/,H. Camara de Diputados de la Nacion (nomina oficial en vivo)
Kelly,Olmos,diputado,Ciudad de Buenos Aires,UNIÓN POR LA PATRIA,UNIÓN POR LA PATRIA,2025-2029,2025-12-10,2029-12-09,https://parlamentaria.hcdn.gob.ar/image/27104003465_20251211133815000_medium.png,,https://www.hcdn.gob.ar/diputados/,H. Camara de Diputados de la Nacion (nomina oficial en vivo)
Blanca Inés,Osuna,diputado,Entre Rios,UNIÓN POR LA PATRIA,UNIÓN POR LA PATRIA,2023-2027,2023-12-10,2027-12-09,https://parlamentaria.hcdn.gob.ar/image/27065013253_20200206125406_medium.png,,https://www.hcdn.gob.ar/diputados/,H. Camara de Diputados de la Nacion (nomina oficial en vivo)
Pablo,Outes,diputado,Salta,INNOVACIÓN FEDERAL,INNOVACIÓN FEDERAL,2023-2027,2023-12-10,2027-12-09,https://parlamentaria.hcdn.gob.ar/image/20186082134_20231206151257000_medium.png,,https://www.hcdn.gob.ar/diputados/,H. Camara de Diputados de la Nacion (nomina oficial en vivo)
Marcela Marina,Pagano,diputado,Buenos Aires,COHERENCIA,COHERENCIA,2023-2027,2023-12-10,2027-12-09,https://parlamentaria.hcdn.gob.ar/image/27319281628_20231128104503000_medium.png,,https://www.hcdn.gob.ar/diputados/,H. Camara de Diputados de la Nacion (nomina oficial en vivo)
Sergio Omar,Palazzo,diputado,Buenos Aires,UNIÓN POR LA PATRIA,UNIÓN POR LA PATRIA,2025-2029,2025-12-10,2029-12-09,https://parlamentaria.hcdn.gob.ar/image/20160116006_20211202190948000_medium.png,,https://www.hcdn.gob.ar/diputados/,H. Camara de Diputados de la Nacion (nomina oficial en vivo)
Claudia María,Palladino,diputado,Catamarca,UNIÓN POR LA PATRIA,UNIÓN POR LA PATRIA,2025-2029,2025-12-10,2029-12-09,https://parlamentaria.hcdn.gob.ar/image/27177269323_20251127141926000_medium.png,,https://www.hcdn.gob.ar/diputados/,H. Camara de Diputados de la Nacion (nomina oficial en vivo)
Sebastián,Pareja,diputado,Buenos Aires,LA LIBERTAD AVANZA,LA LIBERTAD AVANZA,2025-2029,2025-12-10,2029-12-09,https://parlamentaria.hcdn.gob.ar/image/20249630161_20251127082608000_medium.png,,https://www.hcdn.gob.ar/diputados/,H. Camara de Diputados de la Nacion (nomina oficial en vivo)
María Graciela,Parola,diputado,Formosa,UNIÓN POR LA PATRIA,UNIÓN POR LA PATRIA,2023-2027,2023-12-10,2027-12-09,https://parlamentaria.hcdn.gob.ar/image/27267107721_20200206125405_medium.png,,https://www.hcdn.gob.ar/diputados/,H. Camara de Diputados de la Nacion (nomina oficial en vivo)
Marcos,Patiño Brizuela,diputado,Cordoba,LA LIBERTAD AVANZA,LA LIBERTAD AVANZA,2025-2029,2025-12-10,2029-12-09,https://parlamentaria.hcdn.gob.ar/image/20187947740_20251126134524000_medium.png,,https://www.hcdn.gob.ar/diputados/,H. Camara de Diputados de la Nacion (nomina oficial en vivo)
Santiago,Pauli,diputado,Tierra del Fuego,LA LIBERTAD AVANZA,LA LIBERTAD AVANZA,2023-2027,2023-12-10,2027-12-09,https://parlamentaria.hcdn.gob.ar/image/20330842025_20250310200035000_medium.png,,https://www.hcdn.gob.ar/diputados/,H. Camara de Diputados de la Nacion (nomina oficial en vivo)
Esteban,Paulón,diputado,Santa Fe,PROVINCIAS UNIDAS,PROVINCIAS UNIDAS,2023-2027,2023-12-10,2027-12-09,https://parlamentaria.hcdn.gob.ar/image/20265696725_20231206151402000_medium.png,,https://www.hcdn.gob.ar/diputados/,H. Camara de Diputados de la Nacion (nomina oficial en vivo)
Gabriela,Pedrali,diputado,La Rioja,UNIÓN POR LA PATRIA,UNIÓN POR LA PATRIA,2025-2029,2025-12-10,2029-12-09,https://parlamentaria.hcdn.gob.ar/image/27167558742_20251204153727000_medium.png,,https://www.hcdn.gob.ar/diputados/,H. Camara de Diputados de la Nacion (nomina oficial en vivo)
Agustín,Pellegrini,diputado,Santa Fe,LA LIBERTAD AVANZA,LA LIBERTAD AVANZA,2025-2029,2025-12-10,2029-12-09,https://parlamentaria.hcdn.gob.ar/image/20423258609_20251211134659000_medium.png,,https://www.hcdn.gob.ar/diputados/,H. Camara de Diputados de la Nacion (nomina oficial en vivo)
Federico Agustín,Pelli,diputado,Tucuman,LA LIBERTAD AVANZA,LA LIBERTAD AVANZA,2025-2029,2025-12-10,2029-12-09,https://parlamentaria.hcdn.gob.ar/image/20318128031_20251126135026000_medium.png,,https://www.hcdn.gob.ar/diputados/,H. Camara de Diputados de la Nacion (nomina oficial en vivo)
José,Peluc,diputado,San Juan,LA LIBERTAD AVANZA,LA LIBERTAD AVANZA,2023-2027,2023-12-10,2027-12-09,https://parlamentaria.hcdn.gob.ar/image/20229030680_20231128104116000_medium.png,,https://www.hcdn.gob.ar/diputados/,H. Camara de Diputados de la Nacion (nomina oficial en vivo)
Paula Andrea,Penacca,diputado,Ciudad de Buenos Aires,UNIÓN POR LA PATRIA,UNIÓN POR LA PATRIA,2023-2027,2023-12-10,2027-12-09,https://parlamentaria.hcdn.gob.ar/image/27288605993_20231129153817000_medium.png,,https://www.hcdn.gob.ar/diputados/,H. Camara de Diputados de la Nacion (nomina oficial en vivo)
Luis,Petri,diputado,Mendoza,LA LIBERTAD AVANZA,LA LIBERTAD AVANZA,2025-2029,2025-12-10,2029-12-09,https://parlamentaria.hcdn.gob.ar/image/20258871112_20251215092917000_medium.png,,https://www.hcdn.gob.ar/diputados/,H. Camara de Diputados de la Nacion (nomina oficial en vivo)
María Lorena,Petrovich,diputado,Buenos Aires,LA LIBERTAD AVANZA,LA LIBERTAD AVANZA,2023-2027,2025-12-10,2027-12-09,https://parlamentaria.hcdn.gob.ar/image/27276017328_20251215093643000_medium.png,,https://www.hcdn.gob.ar/diputados/,H. Camara de Diputados de la Nacion (nomina oficial en vivo)
Luis Albino,Picat,diputado,Cordoba,LA LIBERTAD AVANZA,LA LIBERTAD AVANZA,2023-2027,2023-12-10,2027-12-09,https://parlamentaria.hcdn.gob.ar/image/24240124552_20231129152201000_medium.png,,https://www.hcdn.gob.ar/diputados/,H. Camara de Diputados de la Nacion (nomina oficial en vivo)
Miguel Ángel,Pichetto,diputado,Buenos Aires,ENCUENTRO FEDERAL,ENCUENTRO FEDERAL,2023-2027,2023-12-10,2027-12-09,https://parlamentaria.hcdn.gob.ar/image/20084824403_20231207101138000_medium.png,,https://www.hcdn.gob.ar/diputados/,H. Camara de Diputados de la Nacion (nomina oficial en vivo)
Nancy Viviana,Picón Martínez,diputado,San Juan,PRODUCCION Y TRABAJO,PRODUCCION Y TRABAJO,2023-2027,2023-12-10,2027-12-09,https://parlamentaria.hcdn.gob.ar/image/27251183207_20231129153354000_medium.png,,https://www.hcdn.gob.ar/diputados/,H. Camara de Diputados de la Nacion (nomina oficial en vivo)
Horacio,Pietragalla Corti,diputado,Buenos Aires,UNIÓN POR LA PATRIA,UNIÓN POR LA PATRIA,2025-2029,2025-12-10,2029-12-09,https://parlamentaria.hcdn.gob.ar/image/20260191951_20251126135219000_medium.png,,https://www.hcdn.gob.ar/diputados/,H. Camara de Diputados de la Nacion (nomina oficial en vivo)
Nestor,Pitrola,diputado,Buenos Aires,PARTIDO OBRERO EN EL FRENTE DE IZQUIERDA Y DE TRABAJADORES-UNIDAD,PARTIDO OBRERO EN EL FRENTE DE IZQUIERDA Y DE TRABAJADORES-UNIDAD,2023-2027,2025-12-10,2027-12-09,https://parlamentaria.hcdn.gob.ar/image/20104458832_20251201112051000_medium.png,,https://www.hcdn.gob.ar/diputados/,H. Camara de Diputados de la Nacion (nomina oficial en vivo)
Lorena,Pokoik,diputado,Ciudad de Buenos Aires,UNIÓN POR LA PATRIA,UNIÓN POR LA PATRIA,2023-2027,2023-12-10,2027-12-09,https://parlamentaria.hcdn.gob.ar/image/27232050107_20231128101305000_medium.png,,https://www.hcdn.gob.ar/diputados/,H. Camara de Diputados de la Nacion (nomina oficial en vivo)
María Celeste,Ponce,diputado,Cordoba,LA LIBERTAD AVANZA,LA LIBERTAD AVANZA,2023-2027,2023-12-10,2027-12-09,https://parlamentaria.hcdn.gob.ar/image/27329016817_20240220173740000_medium.png,,https://www.hcdn.gob.ar/diputados/,H. Camara de Diputados de la Nacion (nomina oficial en vivo)
Luciana,Potenza,diputado,Buenos Aires,UNIÓN POR LA PATRIA,UNIÓN POR LA PATRIA,2023-2027,2023-12-10,2027-12-09,https://parlamentaria.hcdn.gob.ar/image/27383193562_20231205094547000_medium.png,,https://www.hcdn.gob.ar/diputados/,H. Camara de Diputados de la Nacion (nomina oficial en vivo)
Agustina Lucrecia,Propato,diputado,Buenos Aires,UNIÓN POR LA PATRIA,UNIÓN POR LA PATRIA,2025-2029,2025-12-10,2029-12-09,https://parlamentaria.hcdn.gob.ar/image/27295495540_20251203103219000_medium.png,,https://www.hcdn.gob.ar/diputados/,H. Camara de Diputados de la Nacion (nomina oficial en vivo)
Manuel,Quintar,diputado,Jujuy,LA LIBERTAD AVANZA,LA LIBERTAD AVANZA,2023-2027,2023-12-10,2027-12-09,https://parlamentaria.hcdn.gob.ar/image/20286470298_20231212100502000_medium.png,,https://www.hcdn.gob.ar/diputados/,H. Camara de Diputados de la Nacion (nomina oficial en vivo)
Ariel,Rauschenberger,diputado,La Pampa,UNIÓN POR LA PATRIA,UNIÓN POR LA PATRIA,2023-2027,2023-12-10,2027-12-09,https://parlamentaria.hcdn.gob.ar/image/20173488956_20231207102606000_medium.png,,https://www.hcdn.gob.ar/diputados/,H. Camara de Diputados de la Nacion (nomina oficial en vivo)
Valentina,Ravera,diputado,Santa Fe,LA LIBERTAD AVANZA,LA LIBERTAD AVANZA,2025-2029,2025-12-10,2029-12-09,https://parlamentaria.hcdn.gob.ar/image/27421829816_20251126135634000_medium.png,,https://www.hcdn.gob.ar/diputados/,H. Camara de Diputados de la Nacion (nomina oficial en vivo)
Verónica,Razzini,diputado,Santa Fe,LA LIBERTAD AVANZA,LA LIBERTAD AVANZA,2023-2027,2023-12-10,2027-12-09,https://parlamentaria.hcdn.gob.ar/image/27280877188_20231206151457000_medium.png,,https://www.hcdn.gob.ar/diputados/,H. Camara de Diputados de la Nacion (nomina oficial en vivo)
Karen,Reichardt,diputado,Buenos Aires,LA LIBERTAD AVANZA,LA LIBERTAD AVANZA,2025-2029,2025-12-10,2029-12-09,https://parlamentaria.hcdn.gob.ar/image/27208314128_20251126140748000_medium.png,,https://www.hcdn.gob.ar/diputados/,H. Camara de Diputados de la Nacion (nomina oficial en vivo)
Gastón,Riesco,diputado,Neuquen,LA LIBERTAD AVANZA,LA LIBERTAD AVANZA,2025-2029,2025-12-10,2029-12-09,https://parlamentaria.hcdn.gob.ar/image/20328293162_20251126141016000_medium.png,,https://www.hcdn.gob.ar/diputados/,H. Camara de Diputados de la Nacion (nomina oficial en vivo)
Cristian A.,Ritondo,diputado,Buenos Aires,PRO,PRO,2023-2027,2023-12-10,2027-12-09,https://parlamentaria.hcdn.gob.ar/image/20178562038_20200206125410_medium.png,,https://www.hcdn.gob.ar/diputados/,H. Camara de Diputados de la Nacion (nomina oficial en vivo)
Jorge,Rizzotti,diputado,Jujuy,PROVINCIAS UNIDAS,PROVINCIAS UNIDAS,2023-2027,2023-12-10,2027-12-09,https://parlamentaria.hcdn.gob.ar/image/20147877596_20231129151608000_medium.png,,https://www.hcdn.gob.ar/diputados/,H. Camara de Diputados de la Nacion (nomina oficial en vivo)
Santiago Luis,Roberto,diputado,Ciudad de Buenos Aires,UNIÓN POR LA PATRIA,UNIÓN POR LA PATRIA,2025-2029,2025-12-10,2029-12-09,https://parlamentaria.hcdn.gob.ar/image/20228130770_20251126141452000_medium.png,,https://www.hcdn.gob.ar/diputados/,H. Camara de Diputados de la Nacion (nomina oficial en vivo)
Gonzalo,Roca,diputado,Cordoba,LA LIBERTAD AVANZA,LA LIBERTAD AVANZA,2025-2029,2025-12-10,2029-12-09,https://parlamentaria.hcdn.gob.ar/image/20270799044_20251126141757000_medium.png,,https://www.hcdn.gob.ar/diputados/,H. Camara de Diputados de la Nacion (nomina oficial en vivo)
Miguel,Rodríguez,diputado,Tierra del Fuego,LA LIBERTAD AVANZA,LA LIBERTAD AVANZA,2025-2029,2025-12-10,2029-12-09,https://parlamentaria.hcdn.gob.ar/image/20327299264_20251126142417000_medium.png,,https://www.hcdn.gob.ar/diputados/,H. Camara de Diputados de la Nacion (nomina oficial en vivo)
Laura Elena,Rodríguez Machado,diputado,Cordoba,LA LIBERTAD AVANZA,LA LIBERTAD AVANZA,2025-2029,2025-12-10,2029-12-09,https://parlamentaria.hcdn.gob.ar/image/27148917987_20251201132523000_medium.png,,https://www.hcdn.gob.ar/diputados/,H. Camara de Diputados de la Nacion (nomina oficial en vivo)
Agustín Oscar,Rossi,diputado,Santa Fe,UNIÓN POR LA PATRIA,UNIÓN POR LA PATRIA,2025-2029,2025-12-10,2029-12-09,https://parlamentaria.hcdn.gob.ar/image/20136518772_20251204154656000_medium.png,,https://www.hcdn.gob.ar/diputados/,H. Camara de Diputados de la Nacion (nomina oficial en vivo)
Yamila,Ruíz,diputado,Misiones,INNOVACIÓN FEDERAL,INNOVACIÓN FEDERAL,2023-2027,2023-12-10,2027-12-09,https://parlamentaria.hcdn.gob.ar/image/27364093786_20231206151604000_medium.png,,https://www.hcdn.gob.ar/diputados/,H. Camara de Diputados de la Nacion (nomina oficial en vivo)
Marina Dorotea,Salzmann,diputado,Buenos Aires,UNIÓN POR LA PATRIA,UNIÓN POR LA PATRIA,2025-2029,2025-12-10,2029-12-09,https://parlamentaria.hcdn.gob.ar/image/27352538626_20251126143421000_medium.png,,https://www.hcdn.gob.ar/diputados/,H. Camara de Diputados de la Nacion (nomina oficial en vivo)
Javier,Sánchez Wrba,diputado,Buenos Aires,PRO,PRO,2025-2029,2025-12-10,2029-12-09,https://parlamentaria.hcdn.gob.ar/image/20304639335_20251204154911000_medium.png,,https://www.hcdn.gob.ar/diputados/,H. Camara de Diputados de la Nacion (nomina oficial en vivo)
Nancy,Sand,diputado,Corrientes,UNIÓN POR LA PATRIA,UNIÓN POR LA PATRIA,2023-2027,2023-12-10,2027-12-09,https://parlamentaria.hcdn.gob.ar/image/27165495239_20231128104737000_medium.png,,https://www.hcdn.gob.ar/diputados/,H. Camara de Diputados de la Nacion (nomina oficial en vivo)
Juliana,Santillán Juárez Brahim,diputado,Buenos Aires,LA LIBERTAD AVANZA,LA LIBERTAD AVANZA,2023-2027,2023-12-10,2027-12-09,https://parlamentaria.hcdn.gob.ar/image/27273796229_20231128102511000_medium.png,,https://www.hcdn.gob.ar/diputados/,H. Camara de Diputados de la Nacion (nomina oficial en vivo)
Santiago,Santurio,diputado,Buenos Aires,LA LIBERTAD AVANZA,LA LIBERTAD AVANZA,2023-2027,2023-12-10,2027-12-09,https://parlamentaria.hcdn.gob.ar/image/20334340660_20231220212146000_medium.png,,https://www.hcdn.gob.ar/diputados/,H. Camara de Diputados de la Nacion (nomina oficial en vivo)
Gisela,Scaglia,diputado,Santa Fe,PROVINCIAS UNIDAS,PROVINCIAS UNIDAS,2025-2029,2025-12-10,2029-12-09,https://parlamentaria.hcdn.gob.ar/image/27254532164_20251126150327000_medium.png,,https://www.hcdn.gob.ar/diputados/,H. Camara de Diputados de la Nacion (nomina oficial en vivo)
Juan,Schiaretti,diputado,Cordoba,PROVINCIAS UNIDAS,PROVINCIAS UNIDAS,2025-2029,2026-02-12,2029-12-09,https://parlamentaria.hcdn.gob.ar/image/20077998412_20260211164128000_medium.png,,https://www.hcdn.gob.ar/diputados/,H. Camara de Diputados de la Nacion (nomina oficial en vivo)
Darío,Schneider,diputado,Entre Rios,UCR - UNIÓN CÍVICA RADICAL,UCR - UNIÓN CÍVICA RADICAL,2025-2029,2025-12-10,2029-12-09,https://parlamentaria.hcdn.gob.ar/image/20169551139_20251126151156000_medium.png,,https://www.hcdn.gob.ar/diputados/,H. Camara de Diputados de la Nacion (nomina oficial en vivo)
Sabrina,Selva,diputado,Buenos Aires,UNIÓN POR LA PATRIA,UNIÓN POR LA PATRIA,2023-2027,2023-12-10,2027-12-09,https://parlamentaria.hcdn.gob.ar/image/27326867476_20250609144435000_medium.png,,https://www.hcdn.gob.ar/diputados/,H. Camara de Diputados de la Nacion (nomina oficial en vivo)
Adriana Cristina,Serquis,diputado,Rio Negro,UNIÓN POR LA PATRIA,UNIÓN POR LA PATRIA,2025-2029,2025-12-10,2029-12-09,https://parlamentaria.hcdn.gob.ar/image/27184140115_20251204155243000_medium.png,,https://www.hcdn.gob.ar/diputados/,H. Camara de Diputados de la Nacion (nomina oficial en vivo)
Vanesa Raquel,Siley,diputado,Buenos Aires,UNIÓN POR LA PATRIA,UNIÓN POR LA PATRIA,2025-2029,2025-12-10,2029-12-09,https://parlamentaria.hcdn.gob.ar/image/27311140693_20251127081950000_medium.png,,https://www.hcdn.gob.ar/diputados/,H. Camara de Diputados de la Nacion (nomina oficial en vivo)
Guillermo,Snopek,diputado,Jujuy,UNIÓN POR LA PATRIA,UNIÓN POR LA PATRIA,2023-2027,2023-12-10,2027-12-09,https://parlamentaria.hcdn.gob.ar/image/20243992371_20231128095550000_medium.png,,https://www.hcdn.gob.ar/diputados/,H. Camara de Diputados de la Nacion (nomina oficial en vivo)
Laura,Soldano,diputado,Cordoba,LA LIBERTAD AVANZA,LA LIBERTAD AVANZA,2025-2029,2025-12-10,2029-12-09,https://parlamentaria.hcdn.gob.ar/image/27282719938_20251126153213000_medium.png,,https://www.hcdn.gob.ar/diputados/,H. Camara de Diputados de la Nacion (nomina oficial en vivo)
Julia,Strada,diputado,Buenos Aires,UNIÓN POR LA PATRIA,UNIÓN POR LA PATRIA,2023-2027,2023-12-10,2027-12-09,https://parlamentaria.hcdn.gob.ar/image/27344084039_20231128095848000_medium.png,,https://www.hcdn.gob.ar/diputados/,H. Camara de Diputados de la Nacion (nomina oficial en vivo)
Jorge,Taiana,diputado,Buenos Aires,UNIÓN POR LA PATRIA,UNIÓN POR LA PATRIA,2025-2029,2025-12-10,2029-12-09,https://parlamentaria.hcdn.gob.ar/image/23083626739_20251127155233000_medium.png,,https://www.hcdn.gob.ar/diputados/,H. Camara de Diputados de la Nacion (nomina oficial en vivo)
Rodolfo,Tailhade,diputado,Buenos Aires,UNIÓN POR LA PATRIA,UNIÓN POR LA PATRIA,2023-2027,2023-12-10,2027-12-09,https://parlamentaria.hcdn.gob.ar/image/20213862996_20200206125321_medium.png,,https://www.hcdn.gob.ar/diputados/,H. Camara de Diputados de la Nacion (nomina oficial en vivo)
Caren,Tepp,diputado,Santa Fe,UNIÓN POR LA PATRIA,UNIÓN POR LA PATRIA,2025-2029,2025-12-10,2029-12-09,https://parlamentaria.hcdn.gob.ar/image/27327025533_20251126153919000_medium.png,,https://www.hcdn.gob.ar/diputados/,H. Camara de Diputados de la Nacion (nomina oficial en vivo)
Paulo Agustín,Tita,diputado,Tierra del Fuego,UNIÓN POR LA PATRIA,UNIÓN POR LA PATRIA,2025-2029,2025-12-10,2029-12-09,https://parlamentaria.hcdn.gob.ar/image/20250816031_20251202135647000_medium.png,,https://www.hcdn.gob.ar/diputados/,H. Camara de Diputados de la Nacion (nomina oficial en vivo)
Pablo,Todero,diputado,Neuquen,UNIÓN POR LA PATRIA,UNIÓN POR LA PATRIA,2023-2027,2023-12-10,2027-12-09,https://parlamentaria.hcdn.gob.ar/image/20225253324_20231128101514000_medium.png,,https://www.hcdn.gob.ar/diputados/,H. Camara de Diputados de la Nacion (nomina oficial en vivo)
Victoria,Tolosa Paz,diputado,Buenos Aires,UNIÓN POR LA PATRIA,UNIÓN POR LA PATRIA,2023-2027,2023-12-10,2027-12-09,https://parlamentaria.hcdn.gob.ar/image/27234850666_20231212100552000_medium.png,,https://www.hcdn.gob.ar/diputados/,H. Camara de Diputados de la Nacion (nomina oficial en vivo)
Yamile,Tomassoni,diputado,Santa Fe,LA LIBERTAD AVANZA,LA LIBERTAD AVANZA,2025-2029,2025-12-10,2029-12-09,https://parlamentaria.hcdn.gob.ar/image/27267199049_20251211120125000_medium.png,,https://www.hcdn.gob.ar/diputados/,H. Camara de Diputados de la Nacion (nomina oficial en vivo)
Alejandra,Torres,diputado,Cordoba,PROVINCIAS UNIDAS,PROVINCIAS UNIDAS,2023-2027,2023-12-10,2027-12-09,https://parlamentaria.hcdn.gob.ar/image/27142911502_20231206151657000_medium.png,,https://www.hcdn.gob.ar/diputados/,H. Camara de Diputados de la Nacion (nomina oficial en vivo)
Rubén Darío,Torres,diputado,Buenos Aires,LA LIBERTAD AVANZA,LA LIBERTAD AVANZA,2025-2029,2025-12-10,2029-12-09,https://parlamentaria.hcdn.gob.ar/image/20255454995_20251201151659000_medium.png,,https://www.hcdn.gob.ar/diputados/,H. Camara de Diputados de la Nacion (nomina oficial en vivo)
Aníbal,Tortoriello,diputado,Rio Negro,LA LIBERTAD AVANZA,LA LIBERTAD AVANZA,2025-2029,2025-12-10,2029-12-09,https://parlamentaria.hcdn.gob.ar/image/20129790351_20240202135114000_medium.png,,https://www.hcdn.gob.ar/diputados/,H. Camara de Diputados de la Nacion (nomina oficial en vivo)
José Federico,Tournier,diputado,Corrientes,LA LIBERTAD AVANZA,LA LIBERTAD AVANZA,2023-2027,2024-08-14,2027-12-09,https://parlamentaria.hcdn.gob.ar/image/20244166246_20240814152633000_medium.png,,https://www.hcdn.gob.ar/diputados/,H. Camara de Diputados de la Nacion (nomina oficial en vivo)
César,Treffinger,diputado,Chubut,LA LIBERTAD AVANZA,LA LIBERTAD AVANZA,2023-2027,2023-12-10,2027-12-09,https://parlamentaria.hcdn.gob.ar/image/20242671652_20231206151800000_medium.png,,https://www.hcdn.gob.ar/diputados/,H. Camara de Diputados de la Nacion (nomina oficial en vivo)
Nicolás Alfredo,Trotta,diputado,Buenos Aires,UNIÓN POR LA PATRIA,UNIÓN POR LA PATRIA,2025-2029,2025-12-10,2029-12-09,https://parlamentaria.hcdn.gob.ar/image/20249577163_20251126094055000_medium.png,,https://www.hcdn.gob.ar/diputados/,H. Camara de Diputados de la Nacion (nomina oficial en vivo)
Hernán,Urien,diputado,Buenos Aires,LA LIBERTAD AVANZA,LA LIBERTAD AVANZA,2025-2029,2025-12-10,2029-12-09,https://parlamentaria.hcdn.gob.ar/image/20341556253_20251126154824000_medium.png,,https://www.hcdn.gob.ar/diputados/,H. Camara de Diputados de la Nacion (nomina oficial en vivo)
Eduardo Félix,Valdés,diputado,Ciudad de Buenos Aires,UNIÓN POR LA PATRIA,UNIÓN POR LA PATRIA,2023-2027,2023-12-10,2027-12-09,https://parlamentaria.hcdn.gob.ar/image/20116408997_20231205095438000_medium.png,,https://www.hcdn.gob.ar/diputados/,H. Camara de Diputados de la Nacion (nomina oficial en vivo)
Daniel,Vancsik,diputado,Misiones,INNOVACIÓN FEDERAL,INNOVACIÓN FEDERAL,2023-2027,2023-12-10,2027-12-09,https://parlamentaria.hcdn.gob.ar/image/20245096152_20231128095424000_medium.png,,https://www.hcdn.gob.ar/diputados/,H. Camara de Diputados de la Nacion (nomina oficial en vivo)
Patricia,Vásquez,diputado,Buenos Aires,LA LIBERTAD AVANZA,LA LIBERTAD AVANZA,2023-2027,2023-12-10,2027-12-09,https://parlamentaria.hcdn.gob.ar/image/27120466483_20231128103226000_medium.png,,https://www.hcdn.gob.ar/diputados/,H. Camara de Diputados de la Nacion (nomina oficial en vivo)
Yolanda,Vega,diputado,Salta,INNOVACIÓN FEDERAL,INNOVACIÓN FEDERAL,2023-2027,2023-12-10,2027-12-09,https://parlamentaria.hcdn.gob.ar/image/27182307349_20231128103453000_medium.png,,https://www.hcdn.gob.ar/diputados/,H. Camara de Diputados de la Nacion (nomina oficial en vivo)
M. Elena,Velázquez,diputado,Buenos Aires,UNIÓN POR LA PATRIA,UNIÓN POR LA PATRIA,2025-2029,2025-12-10,2029-12-09,https://parlamentaria.hcdn.gob.ar/image/27204775708_20251127075732000_medium.png,,https://www.hcdn.gob.ar/diputados/,H. Camara de Diputados de la Nacion (nomina oficial en vivo)
Andrea Fernanda,Vera,diputado,Buenos Aires,LA LIBERTAD AVANZA,LA LIBERTAD AVANZA,2025-2029,2025-12-10,2029-12-09,https://parlamentaria.hcdn.gob.ar/image/27386299175_20251126155353000_medium.png,,https://www.hcdn.gob.ar/diputados/,H. Camara de Diputados de la Nacion (nomina oficial en vivo)
Pamela Fernanda,Verasay,diputado,Mendoza,UCR - UNIÓN CÍVICA RADICAL,UCR - UNIÓN CÍVICA RADICAL,2025-2029,2025-12-10,2029-12-09,https://parlamentaria.hcdn.gob.ar/image/27281591954_20251211094515000_medium.png,,https://www.hcdn.gob.ar/diputados/,H. Camara de Diputados de la Nacion (nomina oficial en vivo)
Lorena,Villaverde,diputado,Rio Negro,LA LIBERTAD AVANZA,LA LIBERTAD AVANZA,2023-2027,2023-12-10,2027-12-09,https://parlamentaria.hcdn.gob.ar/image/23238322464_20231128105805000_medium.png,,https://www.hcdn.gob.ar/diputados/,H. Camara de Diputados de la Nacion (nomina oficial en vivo)
Gino,Visconti,diputado,La Rioja,LA LIBERTAD AVANZA,LA LIBERTAD AVANZA,2025-2029,2025-12-10,2029-12-09,https://parlamentaria.hcdn.gob.ar/image/20379994580_20251127080438000_medium.png,,https://www.hcdn.gob.ar/diputados/,H. Camara de Diputados de la Nacion (nomina oficial en vivo)
Luana,Volnovich,diputado,Buenos Aires,UNIÓN POR LA PATRIA,UNIÓN POR LA PATRIA,2023-2027,2023-12-10,2027-12-09,https://parlamentaria.hcdn.gob.ar/image/27188873559_20231205095034000_medium.png,,https://www.hcdn.gob.ar/diputados/,H. Camara de Diputados de la Nacion (nomina oficial en vivo)
Hugo,Yasky,diputado,Buenos Aires,UNIÓN POR LA PATRIA,UNIÓN POR LA PATRIA,2025-2029,2025-12-10,2029-12-09,https://parlamentaria.hcdn.gob.ar/image/23082070699_20200206125341_medium.png,,https://www.hcdn.gob.ar/diputados/,H. Camara de Diputados de la Nacion (nomina oficial en vivo)
Pablo Raúl,Yedlin,diputado,Tucuman,UNIÓN POR LA PATRIA,UNIÓN POR LA PATRIA,2023-2027,2023-12-10,2027-12-09,https://parlamentaria.hcdn.gob.ar/image/20176149923_20231128100642000_medium.png,,https://www.hcdn.gob.ar/diputados/,H. Camara de Diputados de la Nacion (nomina oficial en vivo)
Martín,Yeza,diputado,Buenos Aires,PRO,PRO,2023-2027,2023-12-10,2027-12-09,https://parlamentaria.hcdn.gob.ar/image/20319778110_20231128103139000_medium.png,,https://www.hcdn.gob.ar/diputados/,H. Camara de Diputados de la Nacion (nomina oficial en vivo)
Oscar,Zago,diputado,Ciudad de Buenos Aires,MID - MOVIMIENTO DE INTEGRACIÓN Y DESARROLLO,MID - MOVIMIENTO DE INTEGRACIÓN Y DESARROLLO,2023-2027,2023-12-10,2027-12-09,https://parlamentaria.hcdn.gob.ar/image/23165838009_20231129153517000_medium.png,,https://www.hcdn.gob.ar/diputados/,H. Camara de Diputados de la Nacion (nomina oficial en vivo)
Carlos Raúl,Zapata,diputado,Salta,LA LIBERTAD AVANZA,LA LIBERTAD AVANZA,2025-2029,2025-12-10,2029-12-09,https://parlamentaria.hcdn.gob.ar/image/20127901628_20251127080650000_medium.png,,https://www.hcdn.gob.ar/diputados/,H. Camara de Diputados de la Nacion (nomina oficial en vivo)
Natalia,Zaracho,diputado,Buenos Aires,UNIÓN POR LA PATRIA,UNIÓN POR LA PATRIA,2023-2027,2023-12-10,2027-12-09,https://parlamentaria.hcdn.gob.ar/image/27354613285_20251021154732000_medium.png,,https://www.hcdn.gob.ar/diputados/,H. Camara de Diputados de la Nacion (nomina oficial en vivo)
María Inés,Zigarán,diputado,Jujuy,PROVINCIAS UNIDAS,PROVINCIAS UNIDAS,2025-2029,2025-12-10,2029-12-09,https://parlamentaria.hcdn.gob.ar/image/27213201617_20251127081237000_medium.png,,https://www.hcdn.gob.ar/diputados/,H. Camara de Diputados de la Nacion (nomina oficial en vivo)
Christian Alejandro,Zulli,diputado,Corrientes,UNIÓN POR LA PATRIA,UNIÓN POR LA PATRIA,2023-2027,2023-12-10,2027-12-09,https://parlamentaria.hcdn.gob.ar/image/23332030159_20231130155355000_medium.png,,https://www.hcdn.gob.ar/diputados/,H. Camara de Diputados de la Nacion (nomina oficial en vivo)
Maximiliano,Abad,senador,Buenos Aires,UCR - UNIÓN CÍVICA RADICAL,Juntos Por El Cambio,2023-2029,2023-12-10,2029-12-09,https://www.senado.gob.ar/bundles/senadosenadores/images/fsenaG/546.gif,,https://www.senado.gob.ar/senadores/listados/listaSenadoRes,Honorable Senado de la Nacion (datos abiertos oficiales)
Bartolomé Esteban,Abdala,senador,San Luis,LA LIBERTAD AVANZA,Alianza la Libertad Avanza,2023-2029,2023-12-10,2029-12-09,https://www.senado.gob.ar/bundles/senadosenadores/images/fsenaG/564.gif,,https://www.senado.gob.ar/senadores/listados/listaSenadoRes,Honorable Senado de la Nacion (datos abiertos oficiales)
Romina María,Almeida,senador,Entre Ríos,LA LIBERTAD AVANZA,Alianza la Libertad Avanza,2025-2031,2025-12-10,2031-12-09,https://www.senado.gob.ar/bundles/senadosenadores/images/fsenaG/583.gif,,https://www.senado.gob.ar/senadores/listados/listaSenadoRes,Honorable Senado de la Nacion (datos abiertos oficiales)
Carmen,Alvarez Rivero,senador,Córdoba,LA LIBERTAD AVANZA,Juntos Por El Cambio,2021-2027,2021-12-10,2027-12-09,https://www.senado.gob.ar/bundles/senadosenadores/images/fsenaG/522.gif,,https://www.senado.gob.ar/senadores/listados/listaSenadoRes,Honorable Senado de la Nacion (datos abiertos oficiales)
Guillermo Eduardo,Andrada,senador,Catamarca,CONVICCIÓN FEDERAL,Frente de Todos,2021-2027,2021-12-10,2027-12-09,https://www.senado.gob.ar/bundles/senadosenadores/images/fsenaG/519.gif,,https://www.senado.gob.ar/senadores/listados/listaSenadoRes,Honorable Senado de la Nacion (datos abiertos oficiales)
Carlos Omar,Arce,senador,Misiones,ENCUENTRO MISIONERO,Frente Renovador de la Concordia-innovación Federal,2023-2029,2023-12-10,2029-12-09,https://www.senado.gob.ar/bundles/senadosenadores/images/fsenaG/558.gif,,https://www.senado.gob.ar/senadores/listados/listaSenadoRes,Honorable Senado de la Nacion (datos abiertos oficiales)
Ivanna Marcela,Arrascaeta,senador,San Luis,LA LIBERTAD AVANZA,Alianza la Libertad Avanza,2023-2029,2023-12-10,2029-12-09,https://www.senado.gob.ar/bundles/senadosenadores/images/fsenaG/565.gif,,https://www.senado.gob.ar/senadores/listados/listaSenadoRes,Honorable Senado de la Nacion (datos abiertos oficiales)
Ezequiel,Atauche,senador,Jujuy,LA LIBERTAD AVANZA,Partido Renovador Federal,2023-2029,2023-12-10,2029-12-09,https://www.senado.gob.ar/bundles/senadosenadores/images/fsenaG/552.gif,,https://www.senado.gob.ar/senadores/listados/listaSenadoRes,Honorable Senado de la Nacion (datos abiertos oficiales)
Beatriz Luisa,Avila,senador,Tucumán,INDEPENDENCIA,Juntos Por El Cambio,2021-2027,2021-12-10,2027-12-09,https://www.senado.gob.ar/bundles/senadosenadores/images/fsenaG/541.gif,,https://www.senado.gob.ar/senadores/listados/listaSenadoRes,Honorable Senado de la Nacion (datos abiertos oficiales)
Adán Humberto,Bahl,senador,Entre Ríos,JUSTICIALISTA,Fuerza Entre Ríos,2025-2031,2025-12-10,2031-12-09,https://www.senado.gob.ar/bundles/senadosenadores/images/fsenaG/584.gif,,https://www.senado.gob.ar/senadores/listados/listaSenadoRes,Honorable Senado de la Nacion (datos abiertos oficiales)
Vilma Facunda,Bedia,senador,Jujuy,LA LIBERTAD AVANZA,Partido Renovador Federal,2023-2029,2023-12-10,2029-12-09,https://www.senado.gob.ar/bundles/senadosenadores/images/fsenaG/553.gif,,https://www.senado.gob.ar/senadores/listados/listaSenadoRes,Honorable Senado de la Nacion (datos abiertos oficiales)
Joaquín Alberto,Benegas Lynch,senador,Entre Ríos,LA LIBERTAD AVANZA,Alianza la Libertad Avanza,2025-2031,2025-12-10,2031-12-09,https://www.senado.gob.ar/bundles/senadosenadores/images/fsenaG/582.gif,,https://www.senado.gob.ar/senadores/listados/listaSenadoRes,Honorable Senado de la Nacion (datos abiertos oficiales)
Daniel Pablo,Bensusán,senador,La Pampa,JUSTICIALISTA,Frente de Todos,2021-2027,2021-12-10,2027-12-09,https://www.senado.gob.ar/bundles/senadosenadores/images/fsenaG/532.gif,,https://www.senado.gob.ar/senadores/listados/listaSenadoRes,Honorable Senado de la Nacion (datos abiertos oficiales)
Patricia,Bullrich,senador,Ciudad Autónoma de Buenos Aires,LA LIBERTAD AVANZA,Alianza la Libertad Avanza,2025-2031,2025-12-10,2031-12-09,https://www.senado.gob.ar/bundles/senadosenadores/images/fsenaG/580.gif,,https://www.senado.gob.ar/senadores/listados/listaSenadoRes,Honorable Senado de la Nacion (datos abiertos oficiales)
Jorge Milton,Capitanich,senador,Chaco,JUSTICIALISTA,Fuerza Patria,2025-2031,2025-12-10,2031-12-09,https://www.senado.gob.ar/bundles/senadosenadores/images/fsenaG/285.gif,,https://www.senado.gob.ar/senadores/listados/listaSenadoRes,Honorable Senado de la Nacion (datos abiertos oficiales)
José María,Carambia,senador,Santa Cruz,MOVERE SANTA CRUZ,Alianza Por Santa Cruz,2023-2029,2023-12-10,2029-12-09,https://www.senado.gob.ar/bundles/senadosenadores/images/fsenaG/567.gif,,https://www.senado.gob.ar/senadores/listados/listaSenadoRes,Honorable Senado de la Nacion (datos abiertos oficiales)
Mario Pablo,Cervi,senador,Neuquén,LA LIBERTAD AVANZA,Alianza la Libertad Avanza,2025-2031,2025-12-10,2031-12-09,https://www.senado.gob.ar/bundles/senadosenadores/images/fsenaG/586.gif,,https://www.senado.gob.ar/senadores/listados/listaSenadoRes,Honorable Senado de la Nacion (datos abiertos oficiales)
Lucía Benigna,Corpacci,senador,Catamarca,JUSTICIALISTA,Frente de Todos,2021-2027,2021-12-10,2027-12-09,https://www.senado.gob.ar/bundles/senadosenadores/images/fsenaG/398.gif,,https://www.senado.gob.ar/senadores/listados/listaSenadoRes,Honorable Senado de la Nacion (datos abiertos oficiales)
Julieta,Corroza,senador,Neuquén,LA NEUQUINIDAD,La Neuquinidad,2025-2031,2025-12-10,2031-12-09,https://www.senado.gob.ar/bundles/senadosenadores/images/fsenaG/587.gif,,https://www.senado.gob.ar/senadores/listados/listaSenadoRes,Honorable Senado de la Nacion (datos abiertos oficiales)
Agustín Pedro,Coto,senador,"Tierra del Fuego, Antártida E Islas del Atlántico Sur",LA LIBERTAD AVANZA,Alianza la Libertad Avanza,2025-2031,2025-12-10,2031-12-09,https://www.senado.gob.ar/bundles/senadosenadores/images/fsenaG/595.gif,,https://www.senado.gob.ar/senadores/listados/listaSenadoRes,Honorable Senado de la Nacion (datos abiertos oficiales)
Andrea Marcela,Cristina,senador,Chubut,FRENTE PRO,Juntos Por El Cambio Chubut,2021-2027,2021-12-10,2027-12-09,https://www.senado.gob.ar/bundles/senadosenadores/images/fsenaG/570.gif,,https://www.senado.gob.ar/senadores/listados/listaSenadoRes,Honorable Senado de la Nacion (datos abiertos oficiales)
Eduardo Enrique,De Pedro,senador,Buenos Aires,JUSTICIALISTA,Alianza Unión Por la Patria,2023-2029,2023-12-10,2029-12-09,https://www.senado.gob.ar/bundles/senadosenadores/images/fsenaG/545.gif,,https://www.senado.gob.ar/senadores/listados/listaSenadoRes,Honorable Senado de la Nacion (datos abiertos oficiales)
Juliana,Di Tullio,senador,Buenos Aires,JUSTICIALISTA,Alianza Unión Por la Patria,2023-2029,2023-12-10,2029-12-09,https://www.senado.gob.ar/bundles/senadosenadores/images/fsenaG/517.gif,,https://www.senado.gob.ar/senadores/listados/listaSenadoRes,Honorable Senado de la Nacion (datos abiertos oficiales)
Carlos Mauricio,Espínola,senador,Corrientes,PROVINCIAS UNIDAS,Frente Todos,2021-2027,2021-12-10,2027-12-09,https://www.senado.gob.ar/bundles/senadosenadores/images/fsenaG/461.gif,,https://www.senado.gob.ar/senadores/listados/listaSenadoRes,Honorable Senado de la Nacion (datos abiertos oficiales)
Flavio Sergio,Fama,senador,Catamarca,UCR - UNIÓN CÍVICA RADICAL,Juntos Por El Cambio,2021-2027,2021-12-10,2027-12-09,https://www.senado.gob.ar/bundles/senadosenadores/images/fsenaG/520.gif,,https://www.senado.gob.ar/senadores/listados/listaSenadoRes,Honorable Senado de la Nacion (datos abiertos oficiales)
Anabel,Fernández Sagasti,senador,Mendoza,JUSTICIALISTA,Justicialista,2021-2027,2021-12-10,2027-12-09,https://www.senado.gob.ar/bundles/senadosenadores/images/fsenaG/468.gif,,https://www.senado.gob.ar/senadores/listados/listaSenadoRes,Honorable Senado de la Nacion (datos abiertos oficiales)
Enzo Paolo,Fullone,senador,Río Negro,LA LIBERTAD AVANZA,Alianza la Libertad Avanza,2025-2031,2025-12-26,2031-12-09,https://www.senado.gob.ar/bundles/senadosenadores/images/fsenaG/590.gif,,https://www.senado.gob.ar/senadores/listados/listaSenadoRes,Honorable Senado de la Nacion (datos abiertos oficiales)
Natalia Elena,Gadano,senador,Santa Cruz,MOVERE SANTA CRUZ,Alianza Por Santa Cruz,2023-2029,2023-12-10,2029-12-09,https://www.senado.gob.ar/bundles/senadosenadores/images/fsenaG/568.gif,,https://www.senado.gob.ar/senadores/listados/listaSenadoRes,Honorable Senado de la Nacion (datos abiertos oficiales)
Eduardo Horacio,Galaretto,senador,Santa Fe,UCR - UNIÓN CÍVICA RADICAL,Juntos Por El Cambio,2021-2027,2021-12-10,2027-12-09,https://www.senado.gob.ar/bundles/senadosenadores/images/fsenaG/573.gif,,https://www.senado.gob.ar/senadores/listados/listaSenadoRes,Honorable Senado de la Nacion (datos abiertos oficiales)
María Celeste,Giménez Navarro,senador,San Juan,JUSTICIALISTA,Alianza Unión Por la Patria,2023-2029,2023-12-10,2029-12-09,https://www.senado.gob.ar/bundles/senadosenadores/images/fsenaG/562.gif,,https://www.senado.gob.ar/senadores/listados/listaSenadoRes,Honorable Senado de la Nacion (datos abiertos oficiales)
Juan Cruz,Godoy,senador,Chaco,LA LIBERTAD AVANZA,Alianza la Libertad Avanza,2025-2031,2025-12-10,2031-12-09,https://www.senado.gob.ar/bundles/senadosenadores/images/fsenaG/578.gif,,https://www.senado.gob.ar/senadores/listados/listaSenadoRes,Honorable Senado de la Nacion (datos abiertos oficiales)
Enrique Martín,Goerling Lara,senador,Misiones,FRENTE PRO,Juntos Por El Cambio,2023-2029,2023-12-10,2029-12-09,https://www.senado.gob.ar/bundles/senadosenadores/images/fsenaG/560.gif,,https://www.senado.gob.ar/senadores/listados/listaSenadoRes,Honorable Senado de la Nacion (datos abiertos oficiales)
María Teresa Margarita,González,senador,Formosa,JUSTICIALISTA,Alianza Unión Por la Patria,2023-2029,2023-12-10,2029-12-09,https://www.senado.gob.ar/bundles/senadosenadores/images/fsenaG/477.gif,,https://www.senado.gob.ar/senadores/listados/listaSenadoRes,Honorable Senado de la Nacion (datos abiertos oficiales)
Gonzalo,Guzmán Coraita,senador,Salta,LA LIBERTAD AVANZA,Alianza la Libertad Avanza,2025-2031,2025-12-10,2031-12-09,https://www.senado.gob.ar/bundles/senadosenadores/images/fsenaG/592.gif,,https://www.senado.gob.ar/senadores/listados/listaSenadoRes,Honorable Senado de la Nacion (datos abiertos oficiales)
María Victoria,Huala,senador,La Pampa,FRENTE PRO,Juntos Por El Cambio,2021-2027,2021-12-10,2027-12-09,https://www.senado.gob.ar/bundles/senadosenadores/images/fsenaG/531.gif,,https://www.senado.gob.ar/senadores/listados/listaSenadoRes,Honorable Senado de la Nacion (datos abiertos oficiales)
Luis Alfredo,Juez,senador,Córdoba,LA LIBERTAD AVANZA,Juntos Por El Cambio,2021-2027,2021-12-10,2027-12-09,https://www.senado.gob.ar/bundles/senadosenadores/images/fsenaG/400.gif,,https://www.senado.gob.ar/senadores/listados/listaSenadoRes,Honorable Senado de la Nacion (datos abiertos oficiales)
Mariana,Juri,senador,Mendoza,UCR - UNIÓN CÍVICA RADICAL,Frente Cambia Mendoza,2021-2027,2021-12-10,2027-12-09,https://www.senado.gob.ar/bundles/senadosenadores/images/fsenaG/534.gif,,https://www.senado.gob.ar/senadores/listados/listaSenadoRes,Honorable Senado de la Nacion (datos abiertos oficiales)
Alicia Margarita Antonia,Kirchner,senador,Santa Cruz,JUSTICIALISTA,Alianza Unión Por la Patria,2023-2029,2023-12-10,2029-12-09,https://www.senado.gob.ar/bundles/senadosenadores/images/fsenaG/366.gif,,https://www.senado.gob.ar/senadores/listados/listaSenadoRes,Honorable Senado de la Nacion (datos abiertos oficiales)
Daniel Ricardo,Kroneberger,senador,La Pampa,UCR - UNIÓN CÍVICA RADICAL,Juntos Por El Cambio,2021-2027,2021-12-10,2027-12-09,https://www.senado.gob.ar/bundles/senadosenadores/images/fsenaG/530.gif,,https://www.senado.gob.ar/senadores/listados/listaSenadoRes,Honorable Senado de la Nacion (datos abiertos oficiales)
Marcelo Néstor,Lewandowski,senador,Santa Fe,JUSTICIALISTA,Frente de Todos,2021-2027,2021-12-10,2027-12-09,https://www.senado.gob.ar/bundles/senadosenadores/images/fsenaG/538.gif,,https://www.senado.gob.ar/senadores/listados/listaSenadoRes,Honorable Senado de la Nacion (datos abiertos oficiales)
Carlos Alberto,Linares,senador,Chubut,JUSTICIALISTA,Frente de Todos,2021-2027,2021-12-10,2027-12-09,https://www.senado.gob.ar/bundles/senadosenadores/images/fsenaG/529.gif,,https://www.senado.gob.ar/senadores/listados/listaSenadoRes,Honorable Senado de la Nacion (datos abiertos oficiales)
Cándida Cristina,López,senador,"Tierra del Fuego, Antártida E Islas del Atlántico Sur",JUSTICIALISTA,Alianza Frente de Todos,2025-2031,2025-12-10,2031-12-09,https://www.senado.gob.ar/bundles/senadosenadores/images/fsenaG/574.gif,,https://www.senado.gob.ar/senadores/listados/listaSenadoRes,Honorable Senado de la Nacion (datos abiertos oficiales)
María Florencia,López,senador,La Rioja,JUSTICIALISTA,Alianza Unión Por la Patria,2023-2029,2023-12-10,2029-12-09,https://www.senado.gob.ar/bundles/senadosenadores/images/fsenaG/555.gif,,https://www.senado.gob.ar/senadores/listados/listaSenadoRes,Honorable Senado de la Nacion (datos abiertos oficiales)
Carolina,Losada,senador,Santa Fe,UCR - UNIÓN CÍVICA RADICAL,Juntos Por El Cambio,2021-2027,2021-12-10,2027-12-09,https://www.senado.gob.ar/bundles/senadosenadores/images/fsenaG/536.gif,,https://www.senado.gob.ar/senadores/listados/listaSenadoRes,Honorable Senado de la Nacion (datos abiertos oficiales)
Juan Luis,Manzur,senador,Tucumán,JUSTICIALISTA,Alianza Frente de Todos,2023-2029,2023-12-09,2029-12-09,https://www.senado.gob.ar/bundles/senadosenadores/images/fsenaG/576.gif,,https://www.senado.gob.ar/senadores/listados/listaSenadoRes,Honorable Senado de la Nacion (datos abiertos oficiales)
Ana Inés,Marks,senador,Río Negro,JUSTICIALISTA,Fuerza Patria,2025-2031,2025-12-10,2031-12-09,https://www.senado.gob.ar/bundles/senadosenadores/images/fsenaG/589.gif,,https://www.senado.gob.ar/senadores/listados/listaSenadoRes,Honorable Senado de la Nacion (datos abiertos oficiales)
Nadia Judith,Márquez,senador,Neuquén,LA LIBERTAD AVANZA,Alianza la Libertad Avanza,2025-2031,2025-12-10,2031-12-09,https://www.senado.gob.ar/bundles/senadosenadores/images/fsenaG/585.gif,,https://www.senado.gob.ar/senadores/listados/listaSenadoRes,Honorable Senado de la Nacion (datos abiertos oficiales)
José Miguel Ángel,Mayans,senador,Formosa,JUSTICIALISTA,Alianza Unión Por la Patria,2023-2029,2023-12-10,2029-12-09,https://www.senado.gob.ar/bundles/senadosenadores/images/fsenaG/294.gif,,https://www.senado.gob.ar/senadores/listados/listaSenadoRes,Honorable Senado de la Nacion (datos abiertos oficiales)
Sandra Mariela,Mendoza,senador,Tucumán,CONVICCIÓN FEDERAL,Frente de Todos,2021-2027,2021-12-10,2027-12-09,https://www.senado.gob.ar/bundles/senadosenadores/images/fsenaG/540.gif,,https://www.senado.gob.ar/senadores/listados/listaSenadoRes,Honorable Senado de la Nacion (datos abiertos oficiales)
María Carolina,Moises,senador,Jujuy,CONVICCIÓN FEDERAL,Alianza Unión Por la Patria,2023-2029,2023-12-10,2029-12-09,https://www.senado.gob.ar/bundles/senadosenadores/images/fsenaG/554.gif,,https://www.senado.gob.ar/senadores/listados/listaSenadoRes,Honorable Senado de la Nacion (datos abiertos oficiales)
María Belén,Monte de Oca,senador,"Tierra del Fuego, Antártida E Islas del Atlántico Sur",LA LIBERTAD AVANZA,Alianza la Libertad Avanza,2025-2031,2025-12-10,2031-12-09,https://www.senado.gob.ar/bundles/senadosenadores/images/fsenaG/596.gif,,https://www.senado.gob.ar/senadores/listados/listaSenadoRes,Honorable Senado de la Nacion (datos abiertos oficiales)
Agustín Aníbal,Monteverde,senador,Ciudad Autónoma de Buenos Aires,LA LIBERTAD AVANZA,Alianza la Libertad Avanza,2025-2031,2025-12-10,2031-12-09,https://www.senado.gob.ar/bundles/senadosenadores/images/fsenaG/581.gif,,https://www.senado.gob.ar/senadores/listados/listaSenadoRes,Honorable Senado de la Nacion (datos abiertos oficiales)
Elia Esther del Carmen,Moreno,senador,Santiago del Estero,FRENTE CÍVICO POR SANTIAGO,Frente Cívico Por Santiago,2025-2031,2025-12-10,2031-12-09,https://www.senado.gob.ar/bundles/senadosenadores/images/fsenaG/594.gif,,https://www.senado.gob.ar/senadores/listados/listaSenadoRes,Honorable Senado de la Nacion (datos abiertos oficiales)
José Emilio,Neder,senador,Santiago del Estero,JUSTICIALISTA,Frente Fuerza Patria Peronista,2025-2031,2025-12-10,2031-12-09,https://www.senado.gob.ar/bundles/senadosenadores/images/fsenaG/510.gif,,https://www.senado.gob.ar/senadores/listados/listaSenadoRes,Honorable Senado de la Nacion (datos abiertos oficiales)
Bruno Antonio,Olivera Lucero,senador,San Juan,LA LIBERTAD AVANZA,Alianza la Libertad Avanza,2023-2029,2023-12-10,2029-12-09,https://www.senado.gob.ar/bundles/senadosenadores/images/fsenaG/563.gif,,https://www.senado.gob.ar/senadores/listados/listaSenadoRes,Honorable Senado de la Nacion (datos abiertos oficiales)
María Emilia,Orozco,senador,Salta,LA LIBERTAD AVANZA,Alianza la Libertad Avanza,2025-2031,2025-12-10,2031-12-09,https://www.senado.gob.ar/bundles/senadosenadores/images/fsenaG/591.gif,,https://www.senado.gob.ar/senadores/listados/listaSenadoRes,Honorable Senado de la Nacion (datos abiertos oficiales)
Juan Carlos,Pagotto,senador,La Rioja,LA LIBERTAD AVANZA,Alianza la Libertad Avanza,2023-2029,2023-12-10,2029-12-09,https://www.senado.gob.ar/bundles/senadosenadores/images/fsenaG/557.gif,,https://www.senado.gob.ar/senadores/listados/listaSenadoRes,Honorable Senado de la Nacion (datos abiertos oficiales)
Francisco Manuel,Paoltroni,senador,Formosa,LA LIBERTAD AVANZA,Alianza la Libertad Avanza,2023-2029,2023-12-10,2029-12-09,https://www.senado.gob.ar/bundles/senadosenadores/images/fsenaG/551.gif,,https://www.senado.gob.ar/senadores/listados/listaSenadoRes,Honorable Senado de la Nacion (datos abiertos oficiales)
Mariano,Recalde,senador,Ciudad Autónoma de Buenos Aires,JUSTICIALISTA,Fuerza Patria,2025-2031,2025-12-10,2031-12-09,https://www.senado.gob.ar/bundles/senadosenadores/images/fsenaG/498.gif,,https://www.senado.gob.ar/senadores/listados/listaSenadoRes,Honorable Senado de la Nacion (datos abiertos oficiales)
Jesús Fernando,Rejal,senador,La Rioja,JUSTICIA SOCIAL FEDERAL,Alianza Unión Por la Patria,2023-2029,2023-12-10,2029-12-09,https://www.senado.gob.ar/bundles/senadosenadores/images/fsenaG/556.gif,,https://www.senado.gob.ar/senadores/listados/listaSenadoRes,Honorable Senado de la Nacion (datos abiertos oficiales)
Sonia Elizabeth,Rojas Decut,senador,Misiones,ENCUENTRO MISIONERO,Frente Renovador de la Concordia-innovación Federal,2023-2029,2023-12-10,2029-12-09,https://www.senado.gob.ar/bundles/senadosenadores/images/fsenaG/559.gif,,https://www.senado.gob.ar/senadores/listados/listaSenadoRes,Honorable Senado de la Nacion (datos abiertos oficiales)
Flavia Gabriela,Royon,senador,Salta,PRIMERO LOS SALTEÑOS,Primero los Salteños,2025-2031,2025-12-10,2031-12-09,https://www.senado.gob.ar/bundles/senadosenadores/images/fsenaG/593.gif,,https://www.senado.gob.ar/senadores/listados/listaSenadoRes,Honorable Senado de la Nacion (datos abiertos oficiales)
Fernando Aldo,Salino,senador,San Luis,JUSTICIA SOCIAL FEDERAL,Alianza Unión Por la Patria,2023-2029,2023-12-10,2029-12-09,https://www.senado.gob.ar/bundles/senadosenadores/images/fsenaG/566.gif,,https://www.senado.gob.ar/senadores/listados/listaSenadoRes,Honorable Senado de la Nacion (datos abiertos oficiales)
Silvana Lorena,Schneider,senador,Chaco,UCR - UNIÓN CÍVICA RADICAL,Alianza la Libertad Avanza,2025-2031,2025-12-10,2031-12-09,https://www.senado.gob.ar/bundles/senadosenadores/images/fsenaG/579.gif,,https://www.senado.gob.ar/senadores/listados/listaSenadoRes,Honorable Senado de la Nacion (datos abiertos oficiales)
Martin Ignacio,Soria,senador,Río Negro,JUSTICIALISTA,Fuerza Patria,2025-2031,2025-12-10,2031-12-09,https://www.senado.gob.ar/bundles/senadosenadores/images/fsenaG/588.gif,,https://www.senado.gob.ar/senadores/listados/listaSenadoRes,Honorable Senado de la Nacion (datos abiertos oficiales)
Rodolfo Alejandro,Suárez,senador,Mendoza,UCR - UNIÓN CÍVICA RADICAL,Frente Cambia Mendoza,2023-2029,2023-12-10,2029-12-09,https://www.senado.gob.ar/bundles/senadosenadores/images/fsenaG/571.gif,,https://www.senado.gob.ar/senadores/listados/listaSenadoRes,Honorable Senado de la Nacion (datos abiertos oficiales)
Edith Elizabeth,Terenzi,senador,Chubut,DESPIERTA CHUBUT,Juntos Por El Cambio Chubut,2021-2027,2021-12-10,2027-12-09,https://www.senado.gob.ar/bundles/senadosenadores/images/fsenaG/528.gif,,https://www.senado.gob.ar/senadores/listados/listaSenadoRes,Honorable Senado de la Nacion (datos abiertos oficiales)
Sergio Mauricio,Uñac,senador,San Juan,JUSTICIALISTA,Alianza Unión Por la Patria,2023-2029,2023-12-10,2029-12-09,https://www.senado.gob.ar/bundles/senadosenadores/images/fsenaG/561.gif,,https://www.senado.gob.ar/senadores/listados/listaSenadoRes,Honorable Senado de la Nacion (datos abiertos oficiales)
Mercedes Gabriela,Valenzuela,senador,Corrientes,UCR - UNIÓN CÍVICA RADICAL,Eco + Vamos Corrientes,2021-2027,2021-12-10,2027-12-09,https://www.senado.gob.ar/bundles/senadosenadores/images/fsenaG/525.gif,,https://www.senado.gob.ar/senadores/listados/listaSenadoRes,Honorable Senado de la Nacion (datos abiertos oficiales)
Alejandra María,Vigo,senador,Córdoba,PROVINCIAS UNIDAS,Hacemos Por Córdoba,2021-2027,2021-12-10,2027-12-09,https://www.senado.gob.ar/bundles/senadosenadores/images/fsenaG/523.gif,,https://www.senado.gob.ar/senadores/listados/listaSenadoRes,Honorable Senado de la Nacion (datos abiertos oficiales)
Eduardo Alejandro,Vischi,senador,Corrientes,UCR - UNIÓN CÍVICA RADICAL,Eco + Vamos Corrientes,2021-2027,2021-12-10,2027-12-09,https://www.senado.gob.ar/bundles/senadosenadores/images/fsenaG/524.gif,,https://www.senado.gob.ar/senadores/listados/listaSenadoRes,Honorable Senado de la Nacion (datos abiertos oficiales)
Gerardo,Zamora,senador,Santiago del Estero,FRENTE CÍVICO POR SANTIAGO,Frente Cívico Por Santiago,2025-2031,2025-12-10,2031-12-09,https://www.senado.gob.ar/bundles/senadosenadores/images/fsenaG/450.gif,,https://www.senado.gob.ar/senadores/listados/listaSenadoRes,Honorable Senado de la Nacion (datos abiertos oficiales)
